{
  "train_accuracy": 1.0,
  "val_accuracy": 0.4084507042253521,
  "val_precision": 0.1750503018108652,
  "val_recall": 0.4084507042253521,
  "val_f1": 0.24507042253521125,
  "test_accuracy": 0.4225352112676056,
  "test_precision": 0.42564763581488935,
  "test_recall": 0.4225352112676056,
  "test_f1": 0.32010472690566694,
  "test_confusion_matrix": [
    [
      27,
      4
    ],
    [
      37,
      3
    ]
  ],
  "test_true_negatives": 27,
  "test_false_positives": 4,
  "test_false_negatives": 37,
  "test_true_positives": 3,
  "test_specificity": 0.8709677419354839,
  "test_sensitivity": 0.075,
  "experiment_name": "extended_5_random_forest_2018_2019",
  "model_type": "random_forest",
  "target_type": "direction",
  "trained_at": "2025-07-12T19:40:53.420512",
  "trading_total_return_pct": -0.5883388800096145,
  "trading_max_drawdown_pct": 1.4972943333200603,
  "trading_total_trades": 6,
  "trading_win_rate": 0.4225352112676056,
  "trading_sharpe_ratio": 0,
  "trading_final_balance": 9941.166111999039,
  "trading_initial_balance": 10000.0
}