{
  "train_accuracy": 1.0,
  "val_accuracy": 0.5024154589371981,
  "val_precision": 0.5162998380073095,
  "val_recall": 0.5024154589371981,
  "val_f1": 0.5059959614548987,
  "test_accuracy": 0.5362318840579711,
  "test_precision": 0.5469017779546618,
  "test_recall": 0.5362318840579711,
  "test_f1": 0.539135346655424,
  "test_confusion_matrix": [
    [
      65,
      55
    ],
    [
      41,
      46
    ]
  ],
  "test_true_negatives": 65,
  "test_false_positives": 55,
  "test_false_negatives": 41,
  "test_true_positives": 46,
  "test_specificity": 0.5416666666666666,
  "test_sensitivity": 0.5287356321839081,
  "experiment_name": "extended_7_xgboost_2019_2023",
  "model_type": "xgboost",
  "target_type": "direction",
  "trained_at": "2025-07-12T18:50:06.992785",
  "trading_total_return_pct": -2.6487385357850144,
  "trading_max_drawdown_pct": 6.694879748885003,
  "trading_total_trades": 44,
  "trading_win_rate": 0.5362318840579711,
  "trading_sharpe_ratio": 0,
  "trading_final_balance": 9735.126146421499,
  "trading_initial_balance": 10000.0
}