{
  "train_accuracy": 0.9613215149073328,
  "val_accuracy": 0.8157894736842105,
  "val_precision": 0.6824094456674004,
  "val_recall": 0.8157894736842105,
  "val_f1": 0.7431622534597363,
  "test_accuracy": 0.8052434456928839,
  "test_precision": 0.7789978436045852,
  "test_recall": 0.8052434456928839,
  "test_f1": 0.7284845676317634,
  "test_confusion_matrix": [
    [
      213,
      1
    ],
    [
      51,
      2
    ]
  ],
  "test_true_negatives": 213,
  "test_false_positives": 1,
  "test_false_negatives": 51,
  "test_true_positives": 2,
  "test_specificity": 0.9953271028037384,
  "test_sensitivity": 0.03773584905660377,
  "experiment_name": "attempt_36_xgboost_2020_2024",
  "model_type": "xgboost",
  "target_type": "direction",
  "trained_at": "2025-07-12T18:49:05.213681",
  "trading_total_return_pct": -2.4316539703087074,
  "trading_max_drawdown_pct": 2.4316539703087074,
  "trading_total_trades": 3,
  "trading_win_rate": 0.8052434456928839,
  "trading_sharpe_ratio": 0,
  "trading_final_balance": 9756.83460296913,
  "trading_initial_balance": 10000.0
}