{
  "train_accuracy": 1.0,
  "val_accuracy": 0.5654450261780105,
  "val_precision": 0.554363173516923,
  "val_recall": 0.5654450261780105,
  "val_f1": 0.5580860113150511,
  "test_accuracy": 0.5759162303664922,
  "test_precision": 0.4937212894425388,
  "test_recall": 0.5759162303664922,
  "test_f1": 0.5230679074258715,
  "test_confusion_matrix": [
    [
      105,
      24
    ],
    [
      57,
      5
    ]
  ],
  "test_true_negatives": 105,
  "test_false_positives": 24,
  "test_false_negatives": 57,
  "test_true_positives": 5,
  "test_specificity": 0.813953488372093,
  "test_sensitivity": 0.08064516129032258,
  "experiment_name": "advanced_rf_attempt_15",
  "model_type": "random_forest",
  "target_type": "direction",
  "trained_at": "2025-07-12T20:47:24.621336",
  "trading_total_return_pct": -1.1824848090911655,
  "trading_max_drawdown_pct": 2.5586263006030965,
  "trading_total_trades": 21,
  "trading_win_rate": 0.5759162303664922,
  "trading_sharpe_ratio": 0,
  "trading_final_balance": 9881.751519090883,
  "trading_initial_balance": 10000.0
}