{
  "train_accuracy": 1.0,
  "val_accuracy": 0.6382978723404256,
  "val_precision": 0.5978028090668892,
  "val_recall": 0.6382978723404256,
  "val_f1": 0.6061106889564337,
  "test_accuracy": 0.5691489361702128,
  "test_precision": 0.5402897238569488,
  "test_recall": 0.5691489361702128,
  "test_f1": 0.5516057787418275,
  "test_confusion_matrix": [
    [
      93,
      33
    ],
    [
      48,
      14
    ]
  ],
  "test_true_negatives": 93,
  "test_false_positives": 33,
  "test_false_negatives": 48,
  "test_true_positives": 14,
  "test_specificity": 0.7380952380952381,
  "test_sensitivity": 0.22580645161290322,
  "experiment_name": "advanced_rf_attempt_42",
  "model_type": "random_forest",
  "target_type": "direction",
  "trained_at": "2025-07-12T20:48:49.333577",
  "trading_total_return_pct": -4.350153287869907,
  "trading_max_drawdown_pct": 5.176592924148436,
  "trading_total_trades": 29,
  "trading_win_rate": 0.5691489361702128,
  "trading_sharpe_ratio": 0,
  "trading_final_balance": 9564.98467121301,
  "trading_initial_balance": 10000.0
}