{
  "train_accuracy": 0.7506738544474394,
  "val_accuracy": 0.49056603773584906,
  "val_precision": 0.48952704156599464,
  "val_recall": 0.49056603773584906,
  "val_f1": 0.49002772101083913,
  "test_accuracy": 0.5786163522012578,
  "test_precision": 0.5816929093843634,
  "test_recall": 0.5786163522012578,
  "test_f1": 0.5799521751855417,
  "test_confusion_matrix": [
    [
      59,
      35
    ],
    [
      32,
      33
    ]
  ],
  "test_true_negatives": 59,
  "test_false_positives": 35,
  "test_false_negatives": 32,
  "test_true_positives": 33,
  "test_specificity": 0.6276595744680851,
  "test_sensitivity": 0.5076923076923077,
  "experiment_name": "attempt_3_random_forest_2022_2024",
  "model_type": "random_forest",
  "target_type": "direction",
  "trained_at": "2025-07-12T19:21:51.224088",
  "trading_total_return_pct": 1.4747374325633973,
  "trading_max_drawdown_pct": 4.13249563021214,
  "trading_total_trades": 27,
  "trading_win_rate": 0.5786163522012578,
  "trading_sharpe_ratio": 0,
  "trading_final_balance": 10147.47374325634,
  "trading_initial_balance": 10000.0
}