{
  "train_accuracy": 0.9983700081499592,
  "val_accuracy": 0.5893536121673004,
  "val_precision": 0.5570279770489551,
  "val_recall": 0.5893536121673004,
  "val_f1": 0.5611739360622428,
  "test_accuracy": 0.5909090909090909,
  "test_precision": 0.5311688311688312,
  "test_recall": 0.5909090909090909,
  "test_f1": 0.4802139037433155,
  "test_confusion_matrix": [
    [
      150,
      8
    ],
    [
      100,
      6
    ]
  ],
  "test_true_negatives": 150,
  "test_false_positives": 8,
  "test_false_negatives": 100,
  "test_true_positives": 6,
  "test_specificity": 0.9493670886075949,
  "test_sensitivity": 0.05660377358490566,
  "experiment_name": "attempt_24_xgboost_2020_2024",
  "model_type": "xgboost",
  "target_type": "direction",
  "trained_at": "2025-07-12T18:48:44.826514",
  "trading_total_return_pct": 1.4096808354390487,
  "trading_max_drawdown_pct": 1.5751927718052685,
  "trading_total_trades": 11,
  "trading_win_rate": 0.5909090909090909,
  "trading_sharpe_ratio": 0,
  "trading_final_balance": 10140.968083543905,
  "trading_initial_balance": 10000.0
}