{
  "train_accuracy": 1.0,
  "val_accuracy": 0.5585106382978723,
  "val_precision": 0.5243862520458266,
  "val_recall": 0.5585106382978723,
  "val_f1": 0.5305815518581476,
  "test_accuracy": 0.5425531914893617,
  "test_precision": 0.5366442175703501,
  "test_recall": 0.5425531914893617,
  "test_f1": 0.5393717432433861,
  "test_confusion_matrix": [
    [
      79,
      41
    ],
    [
      45,
      23
    ]
  ],
  "test_true_negatives": 79,
  "test_false_positives": 41,
  "test_false_negatives": 45,
  "test_true_positives": 23,
  "test_specificity": 0.6583333333333333,
  "test_sensitivity": 0.3382352941176471,
  "experiment_name": "advanced_rf_attempt_35",
  "model_type": "random_forest",
  "target_type": "direction",
  "trained_at": "2025-07-12T20:48:20.591155",
  "trading_total_return_pct": -4.443345813504784,
  "trading_max_drawdown_pct": 6.020942481255042,
  "trading_total_trades": 34,
  "trading_win_rate": 0.5425531914893617,
  "trading_sharpe_ratio": 0,
  "trading_final_balance": 9555.665418649522,
  "trading_initial_balance": 10000.0
}