{
  "train_accuracy": 1.0,
  "val_accuracy": 0.6282722513089005,
  "val_precision": 0.4110504622925254,
  "val_recall": 0.6282722513089005,
  "val_f1": 0.49696133061732967,
  "test_accuracy": 0.680628272251309,
  "test_precision": 0.46325484498780195,
  "test_recall": 0.680628272251309,
  "test_f1": 0.5512876971505929,
  "test_confusion_matrix": [
    [
      130,
      0
    ],
    [
      61,
      0
    ]
  ],
  "test_true_negatives": 130,
  "test_false_positives": 0,
  "test_false_negatives": 61,
  "test_true_positives": 0,
  "test_specificity": 1.0,
  "test_sensitivity": 0.0,
  "experiment_name": "advanced_rf_attempt_23",
  "model_type": "random_forest",
  "target_type": "direction",
  "trained_at": "2025-07-12T20:47:49.051619",
  "trading_total_return_pct": 0.0,
  "trading_max_drawdown_pct": 0,
  "trading_total_trades": 0,
  "trading_win_rate": 0.680628272251309,
  "trading_sharpe_ratio": 0,
  "trading_final_balance": 10000.0,
  "trading_initial_balance": 10000.0
}