{
  "train_accuracy": 1.0,
  "val_accuracy": 0.4854368932038835,
  "val_precision": 0.4999090942147558,
  "val_recall": 0.4854368932038835,
  "val_f1": 0.48480630116124124,
  "test_accuracy": 0.49514563106796117,
  "test_precision": 0.5013555472406572,
  "test_recall": 0.49514563106796117,
  "test_f1": 0.49252214370106184,
  "test_confusion_matrix": [
    [
      56,
      41
    ],
    [
      63,
      46
    ]
  ],
  "test_true_negatives": 56,
  "test_false_positives": 41,
  "test_false_negatives": 63,
  "test_true_positives": 46,
  "test_specificity": 0.5773195876288659,
  "test_sensitivity": 0.42201834862385323,
  "experiment_name": "extended_16_xgboost_2020_2024",
  "model_type": "xgboost",
  "target_type": "direction",
  "trained_at": "2025-07-12T18:50:55.013433",
  "trading_total_return_pct": 0.4915301646084117,
  "trading_max_drawdown_pct": 4.270188868179516,
  "trading_total_trades": 43,
  "trading_win_rate": 0.49514563106796117,
  "trading_sharpe_ratio": 0,
  "trading_final_balance": 10049.153016460841,
  "trading_initial_balance": 10000.0
}