{
  "train_accuracy": 0.9847560975609756,
  "val_accuracy": 0.5471698113207547,
  "val_precision": 0.546117690200023,
  "val_recall": 0.5471698113207547,
  "val_f1": 0.5465955701394586,
  "test_accuracy": 0.4858490566037736,
  "test_precision": 0.49624248135230953,
  "test_recall": 0.4858490566037736,
  "test_f1": 0.47735747303870546,
  "test_confusion_matrix": [
    [
      41,
      72
    ],
    [
      37,
      62
    ]
  ],
  "test_true_negatives": 41,
  "test_false_positives": 72,
  "test_false_negatives": 37,
  "test_true_positives": 62,
  "test_specificity": 0.36283185840707965,
  "test_sensitivity": 0.6262626262626263,
  "experiment_name": "single_model_attempt_33_xgboost",
  "model_type": "xgboost",
  "target_type": "direction",
  "trained_at": "2025-07-12T19:48:04.257926",
  "trading_total_return_pct": -11.366737908498054,
  "trading_max_drawdown_pct": 12.546954736663082,
  "trading_total_trades": 40,
  "trading_win_rate": 0.4858490566037736,
  "trading_sharpe_ratio": 0,
  "trading_final_balance": 8863.326209150195,
  "trading_initial_balance": 10000.0
}