{
  "train_accuracy": 0.9962732919254659,
  "val_accuracy": 0.5549132947976878,
  "val_precision": 0.5363563882798486,
  "val_recall": 0.5549132947976878,
  "val_f1": 0.4963071338913806,
  "test_accuracy": 0.5838150289017341,
  "test_precision": 0.49062361049355263,
  "test_recall": 0.5838150289017341,
  "test_f1": 0.4855969403276979,
  "test_confusion_matrix": [
    [
      97,
      9
    ],
    [
      63,
      4
    ]
  ],
  "test_true_negatives": 97,
  "test_false_positives": 9,
  "test_false_negatives": 63,
  "test_true_positives": 4,
  "test_specificity": 0.9150943396226415,
  "test_sensitivity": 0.05970149253731343,
  "experiment_name": "advanced_rf_attempt_3",
  "model_type": "random_forest",
  "target_type": "direction",
  "trained_at": "2025-07-12T20:46:58.728918",
  "trading_total_return_pct": -3.1593307714105325,
  "trading_max_drawdown_pct": 3.925122126149992,
  "trading_total_trades": 13,
  "trading_win_rate": 0.5838150289017341,
  "trading_sharpe_ratio": 0,
  "trading_final_balance": 9684.066922858947,
  "trading_initial_balance": 10000.0
}