{
  "train_accuracy": 1.0,
  "val_accuracy": 0.7310344827586207,
  "val_precision": 0.534411414982164,
  "val_recall": 0.7310344827586207,
  "val_f1": 0.6174474515730183,
  "test_accuracy": 0.6551724137931034,
  "test_precision": 0.5509146835033187,
  "test_recall": 0.6551724137931034,
  "test_f1": 0.5359761941912043,
  "test_confusion_matrix": [
    [
      94,
      2
    ],
    [
      48,
      1
    ]
  ],
  "test_true_negatives": 94,
  "test_false_positives": 2,
  "test_false_negatives": 48,
  "test_true_positives": 1,
  "test_specificity": 0.9791666666666666,
  "test_sensitivity": 0.02040816326530612,
  "experiment_name": "advanced_rf_attempt_20",
  "model_type": "random_forest",
  "target_type": "direction",
  "trained_at": "2025-07-12T20:47:40.211476",
  "trading_total_return_pct": 0.6388218454583875,
  "trading_max_drawdown_pct": 0.4413600692816375,
  "trading_total_trades": 2,
  "trading_win_rate": 0.6551724137931034,
  "trading_sharpe_ratio": 0,
  "trading_final_balance": 10063.882184545839,
  "trading_initial_balance": 10000.0
}