{
  "train_accuracy": 0.7518072289156627,
  "val_accuracy": 0.5880149812734082,
  "val_precision": 0.43675112284942624,
  "val_recall": 0.5880149812734082,
  "val_f1": 0.48006251584016224,
  "test_accuracy": 0.5842696629213483,
  "test_precision": 0.4769772220522013,
  "test_recall": 0.5842696629213483,
  "test_f1": 0.46028933119709936,
  "test_confusion_matrix": [
    [
      153,
      7
    ],
    [
      104,
      3
    ]
  ],
  "test_true_negatives": 153,
  "test_false_positives": 7,
  "test_false_negatives": 104,
  "test_true_positives": 3,
  "test_specificity": 0.95625,
  "test_sensitivity": 0.028037383177570093,
  "experiment_name": "attempt_1_random_forest_2020_2024",
  "model_type": "random_forest",
  "target_type": "direction",
  "trained_at": "2025-07-12T19:21:48.838097",
  "trading_total_return_pct": -0.518431283800146,
  "trading_max_drawdown_pct": 1.974189053568407,
  "trading_total_trades": 8,
  "trading_win_rate": 0.5842696629213483,
  "trading_sharpe_ratio": 0,
  "trading_final_balance": 9948.156871619985,
  "trading_initial_balance": 10000.0
}