{
  "train_accuracy": 0.9684959349593496,
  "val_accuracy": 0.5707547169811321,
  "val_precision": 0.569288070935148,
  "val_recall": 0.5707547169811321,
  "val_f1": 0.5699079641610827,
  "test_accuracy": 0.4858490566037736,
  "test_precision": 0.49624248135230953,
  "test_recall": 0.4858490566037736,
  "test_f1": 0.47735747303870546,
  "test_confusion_matrix": [
    [
      41,
      72
    ],
    [
      37,
      62
    ]
  ],
  "test_true_negatives": 41,
  "test_false_positives": 72,
  "test_false_negatives": 37,
  "test_true_positives": 62,
  "test_specificity": 0.36283185840707965,
  "test_sensitivity": 0.6262626262626263,
  "experiment_name": "single_model_attempt_4_xgboost",
  "model_type": "xgboost",
  "target_type": "direction",
  "trained_at": "2025-07-12T19:46:56.260044",
  "trading_total_return_pct": -11.14480618178115,
  "trading_max_drawdown_pct": 11.61474412517366,
  "trading_total_trades": 45,
  "trading_win_rate": 0.4858490566037736,
  "trading_sharpe_ratio": 0,
  "trading_final_balance": 8885.519381821885,
  "trading_initial_balance": 10000.0
}