{
  "train_accuracy": 1.0,
  "val_accuracy": 0.6237113402061856,
  "val_precision": 0.5592783505154639,
  "val_recall": 0.6237113402061856,
  "val_f1": 0.5677838770622275,
  "test_accuracy": 0.6804123711340206,
  "test_precision": 0.610011507178225,
  "test_recall": 0.6804123711340206,
  "test_f1": 0.635856641582206,
  "test_confusion_matrix": [
    [
      127,
      18
    ],
    [
      44,
      5
    ]
  ],
  "test_true_negatives": 127,
  "test_false_positives": 18,
  "test_false_negatives": 44,
  "test_true_positives": 5,
  "test_specificity": 0.8758620689655172,
  "test_sensitivity": 0.10204081632653061,
  "experiment_name": "advanced_rf_attempt_8",
  "model_type": "random_forest",
  "target_type": "direction",
  "trained_at": "2025-07-12T20:47:05.690412",
  "trading_total_return_pct": -1.1252555339767423,
  "trading_max_drawdown_pct": 3.7650387381291215,
  "trading_total_trades": 17,
  "trading_win_rate": 0.6804123711340206,
  "trading_sharpe_ratio": 0,
  "trading_final_balance": 9887.474446602326,
  "trading_initial_balance": 10000.0
}