{
  "train_accuracy": 1.0,
  "val_accuracy": 0.574468085106383,
  "val_precision": 0.47907411737198974,
  "val_recall": 0.574468085106383,
  "val_f1": 0.4445601032601907,
  "test_accuracy": 0.6382978723404256,
  "test_precision": 0.4074241738343142,
  "test_recall": 0.6382978723404256,
  "test_f1": 0.49737496546007187,
  "test_confusion_matrix": [
    [
      120,
      0
    ],
    [
      68,
      0
    ]
  ],
  "test_true_negatives": 120,
  "test_false_positives": 0,
  "test_false_negatives": 68,
  "test_true_positives": 0,
  "test_specificity": 1.0,
  "test_sensitivity": 0.0,
  "experiment_name": "advanced_rf_attempt_44",
  "model_type": "random_forest",
  "target_type": "direction",
  "trained_at": "2025-07-12T20:49:00.802068",
  "trading_total_return_pct": 0.0,
  "trading_max_drawdown_pct": 0,
  "trading_total_trades": 0,
  "trading_win_rate": 0.6382978723404256,
  "trading_sharpe_ratio": 0,
  "trading_final_balance": 10000.0,
  "trading_initial_balance": 10000.0
}