{
  "train_accuracy": 1.0,
  "val_accuracy": 0.6476683937823834,
  "val_precision": 0.5813545521835677,
  "val_recall": 0.6476683937823834,
  "val_f1": 0.5961964238737392,
  "test_accuracy": 0.6217616580310881,
  "test_precision": 0.5611454677140788,
  "test_recall": 0.6217616580310881,
  "test_f1": 0.5815810782917961,
  "test_confusion_matrix": [
    [
      112,
      23
    ],
    [
      50,
      8
    ]
  ],
  "test_true_negatives": 112,
  "test_false_positives": 23,
  "test_false_negatives": 50,
  "test_true_positives": 8,
  "test_specificity": 0.8296296296296296,
  "test_sensitivity": 0.13793103448275862,
  "experiment_name": "advanced_rf_attempt_7",
  "model_type": "random_forest",
  "target_type": "direction",
  "trained_at": "2025-07-12T20:47:03.500617",
  "trading_total_return_pct": -6.413051582612369,
  "trading_max_drawdown_pct": 7.22368560121009,
  "trading_total_trades": 26,
  "trading_win_rate": 0.6217616580310881,
  "trading_sharpe_ratio": 0,
  "trading_final_balance": 9358.694841738763,
  "trading_initial_balance": 10000.0
}