{
  "train_accuracy": 0.9986168741355463,
  "val_accuracy": 0.5870967741935483,
  "val_precision": 0.5623562412342217,
  "val_recall": 0.5870967741935483,
  "val_f1": 0.5715326119124516,
  "test_accuracy": 0.6709677419354839,
  "test_precision": 0.653244345569151,
  "test_recall": 0.6709677419354839,
  "test_f1": 0.6572312354018055,
  "test_confusion_matrix": [
    [
      84,
      19
    ],
    [
      32,
      20
    ]
  ],
  "test_true_negatives": 84,
  "test_false_positives": 19,
  "test_false_negatives": 32,
  "test_true_positives": 20,
  "test_specificity": 0.8155339805825242,
  "test_sensitivity": 0.38461538461538464,
  "experiment_name": "attempt_17_xgboost_2022_2024",
  "model_type": "xgboost",
  "target_type": "direction",
  "trained_at": "2025-07-12T18:48:12.153156",
  "trading_total_return_pct": -5.617782868293398,
  "trading_max_drawdown_pct": 6.714678446507383,
  "trading_total_trades": 26,
  "trading_win_rate": 0.6709677419354839,
  "trading_sharpe_ratio": 0,
  "trading_final_balance": 9438.22171317066,
  "trading_initial_balance": 10000.0
}