{
  "train_accuracy": 0.9536290322580645,
  "val_accuracy": 0.49295774647887325,
  "val_precision": 0.4894775928297055,
  "val_recall": 0.49295774647887325,
  "val_f1": 0.49083403320300106,
  "test_accuracy": 0.5070422535211268,
  "test_precision": 0.5120965024597345,
  "test_recall": 0.5070422535211268,
  "test_f1": 0.5070422535211268,
  "test_confusion_matrix": [
    [
      54,
      60
    ],
    [
      45,
      54
    ]
  ],
  "test_true_negatives": 54,
  "test_false_positives": 60,
  "test_false_negatives": 45,
  "test_true_positives": 54,
  "test_specificity": 0.47368421052631576,
  "test_sensitivity": 0.5454545454545454,
  "experiment_name": "single_model_attempt_122_xgboost",
  "model_type": "xgboost",
  "target_type": "direction",
  "trained_at": "2025-07-12T19:51:23.988043",
  "trading_total_return_pct": -10.203737159476205,
  "trading_max_drawdown_pct": 10.460207536257009,
  "trading_total_trades": 46,
  "trading_win_rate": 0.5070422535211268,
  "trading_sharpe_ratio": 0,
  "trading_final_balance": 8979.62628405238,
  "trading_initial_balance": 10000.0
}