{
  "train_accuracy": 0.9432918395573997,
  "val_accuracy": 0.3741935483870968,
  "val_precision": 0.4879456706281834,
  "val_recall": 0.3741935483870968,
  "val_f1": 0.3502947750030797,
  "test_accuracy": 0.3870967741935484,
  "test_precision": 0.5463192721257237,
  "test_recall": 0.3870967741935484,
  "test_f1": 0.3345449622074027,
  "test_confusion_matrix": [
    [
      17,
      86
    ],
    [
      9,
      43
    ]
  ],
  "test_true_negatives": 17,
  "test_false_positives": 86,
  "test_false_negatives": 9,
  "test_true_positives": 43,
  "test_specificity": 0.1650485436893204,
  "test_sensitivity": 0.8269230769230769,
  "experiment_name": "attempt_5_random_forest_2022_2024",
  "model_type": "random_forest",
  "target_type": "direction",
  "trained_at": "2025-07-12T18:47:36.752975",
  "trading_total_return_pct": -2.30827651876858,
  "trading_max_drawdown_pct": 5.12582711271445,
  "trading_total_trades": 19,
  "trading_win_rate": 0.3870967741935484,
  "trading_sharpe_ratio": 0,
  "trading_final_balance": 9769.172348123142,
  "trading_initial_balance": 10000.0
}