{
  "train_accuracy": 0.9945130315500685,
  "val_accuracy": 0.7515923566878981,
  "val_precision": 0.6615225962996665,
  "val_recall": 0.7515923566878981,
  "val_f1": 0.6811181724615349,
  "test_accuracy": 0.7452229299363057,
  "test_precision": 0.6706814004189288,
  "test_recall": 0.7452229299363057,
  "test_f1": 0.6764033612056032,
  "test_confusion_matrix": [
    [
      114,
      5
    ],
    [
      35,
      3
    ]
  ],
  "test_true_negatives": 114,
  "test_false_positives": 5,
  "test_false_negatives": 35,
  "test_true_positives": 3,
  "test_specificity": 0.957983193277311,
  "test_sensitivity": 0.07894736842105263,
  "experiment_name": "attempt_31_xgboost_2018_2020",
  "model_type": "xgboost",
  "target_type": "direction",
  "trained_at": "2025-07-12T18:48:53.081741",
  "trading_total_return_pct": 0.6498438691283627,
  "trading_max_drawdown_pct": 1.521969530297244,
  "trading_total_trades": 8,
  "trading_win_rate": 0.7452229299363057,
  "trading_sharpe_ratio": 0,
  "trading_final_balance": 10064.984386912836,
  "trading_initial_balance": 10000.0
}