{
  "train_accuracy": 0.9989539748953975,
  "val_accuracy": 0.47572815533980584,
  "val_precision": 0.4650199885779554,
  "val_recall": 0.47572815533980584,
  "val_f1": 0.46032198887903025,
  "test_accuracy": 0.5436893203883495,
  "test_precision": 0.5438380781235221,
  "test_recall": 0.5436893203883495,
  "test_f1": 0.5433018867924528,
  "test_confusion_matrix": [
    [
      53,
      50
    ],
    [
      44,
      59
    ]
  ],
  "test_true_negatives": 53,
  "test_false_positives": 50,
  "test_false_negatives": 44,
  "test_true_positives": 59,
  "test_specificity": 0.5145631067961165,
  "test_sensitivity": 0.5728155339805825,
  "experiment_name": "extended_13_xgboost_2017_2021",
  "model_type": "xgboost",
  "target_type": "direction",
  "trained_at": "2025-07-12T18:50:28.760553",
  "trading_total_return_pct": 1.2122353625321376,
  "trading_max_drawdown_pct": 4.328157531523034,
  "trading_total_trades": 55,
  "trading_win_rate": 0.5436893203883495,
  "trading_sharpe_ratio": 0,
  "trading_final_balance": 10121.223536253214,
  "trading_initial_balance": 10000.0
}