{
  "train_accuracy": 1.0,
  "val_accuracy": 0.5120772946859904,
  "val_precision": 0.5185842452923198,
  "val_recall": 0.5120772946859904,
  "val_f1": 0.48963178140758024,
  "test_accuracy": 0.47342995169082125,
  "test_precision": 0.4583680227185162,
  "test_recall": 0.47342995169082125,
  "test_f1": 0.4259368188463031,
  "test_confusion_matrix": [
    [
      19,
      84
    ],
    [
      25,
      79
    ]
  ],
  "test_true_negatives": 19,
  "test_false_positives": 84,
  "test_false_negatives": 25,
  "test_true_positives": 79,
  "test_specificity": 0.18446601941747573,
  "test_sensitivity": 0.7596153846153846,
  "experiment_name": "extended_1_random_forest_2017_2021",
  "model_type": "random_forest",
  "target_type": "direction",
  "trained_at": "2025-07-12T18:49:41.480116",
  "trading_total_return_pct": -10.18189121007339,
  "trading_max_drawdown_pct": 10.781273165883631,
  "trading_total_trades": 34,
  "trading_win_rate": 0.47342995169082125,
  "trading_sharpe_ratio": 0,
  "trading_final_balance": 8981.810878992661,
  "trading_initial_balance": 10000.0
}