{
  "train_accuracy": 0.7893145161290323,
  "val_accuracy": 0.4835680751173709,
  "val_precision": 0.4576895073995323,
  "val_recall": 0.4835680751173709,
  "val_f1": 0.39733639934847176,
  "test_accuracy": 0.5211267605633803,
  "test_precision": 0.4942662882505327,
  "test_recall": 0.5211267605633803,
  "test_f1": 0.4611819352014767,
  "test_confusion_matrix": [
    [
      95,
      20
    ],
    [
      82,
      16
    ]
  ],
  "test_true_negatives": 95,
  "test_false_positives": 20,
  "test_false_negatives": 82,
  "test_true_positives": 16,
  "test_specificity": 0.8260869565217391,
  "test_sensitivity": 0.16326530612244897,
  "experiment_name": "attempt_8_random_forest_2021_2024",
  "model_type": "random_forest",
  "target_type": "direction",
  "trained_at": "2025-07-12T19:21:59.722897",
  "trading_total_return_pct": -5.727730859542789,
  "trading_max_drawdown_pct": 5.940899638289174,
  "trading_total_trades": 29,
  "trading_win_rate": 0.5211267605633803,
  "trading_sharpe_ratio": 0,
  "trading_final_balance": 9427.226914045721,
  "trading_initial_balance": 10000.0
}