{
  "cv_scores": [
    0.504424778761062,
    0.4789356984478936,
    0.5343680709534369,
    0.5188470066518847,
    0.5144124168514412
  ],
  "cv_mean": 0.5101975943331437,
  "cv_std": 0.018370740520414316,
  "scoring": "accuracy"
}