{
  "train_accuracy": 1.0,
  "val_accuracy": 0.506265664160401,
  "val_precision": 0.5085584382710384,
  "val_recall": 0.506265664160401,
  "val_f1": 0.5060051265204819,
  "test_accuracy": 0.48120300751879697,
  "test_precision": 0.4798757412354043,
  "test_recall": 0.48120300751879697,
  "test_f1": 0.4531697400800773,
  "test_confusion_matrix": [
    [
      140,
      57
    ],
    [
      150,
      52
    ]
  ],
  "test_true_negatives": 140,
  "test_false_positives": 57,
  "test_false_negatives": 150,
  "test_true_positives": 52,
  "test_specificity": 0.7106598984771574,
  "test_sensitivity": 0.25742574257425743,
  "experiment_name": "BTCUSDT_1d_optimized",
  "model_type": "xgboost",
  "target_type": "direction",
  "trained_at": "2025-07-10T19:09:51.792326"
}