{
  "train_accuracy": 1.0,
  "val_accuracy": 0.574468085106383,
  "val_precision": 0.5305151175811871,
  "val_recall": 0.574468085106383,
  "val_f1": 0.5321266010373663,
  "test_accuracy": 0.5957446808510638,
  "test_precision": 0.5780024228738107,
  "test_recall": 0.5957446808510638,
  "test_f1": 0.583690598145061,
  "test_confusion_matrix": [
    [
      89,
      31
    ],
    [
      45,
      23
    ]
  ],
  "test_true_negatives": 89,
  "test_false_positives": 31,
  "test_false_negatives": 45,
  "test_true_positives": 23,
  "test_specificity": 0.7416666666666667,
  "test_sensitivity": 0.3382352941176471,
  "experiment_name": "advanced_rf_attempt_28",
  "model_type": "random_forest",
  "target_type": "direction",
  "trained_at": "2025-07-12T20:48:02.905341",
  "trading_total_return_pct": -4.250942048057205,
  "trading_max_drawdown_pct": 7.10309724244042,
  "trading_total_trades": 34,
  "trading_win_rate": 0.5957446808510638,
  "trading_sharpe_ratio": 0,
  "trading_final_balance": 9574.90579519428,
  "trading_initial_balance": 10000.0
}