{
  "train_accuracy": 0.8166969147005445,
  "val_accuracy": 0.5126050420168067,
  "val_precision": 0.49293995778931216,
  "val_recall": 0.5126050420168067,
  "val_f1": 0.49941794899778097,
  "test_accuracy": 0.47058823529411764,
  "test_precision": 0.5001508295625943,
  "test_recall": 0.47058823529411764,
  "test_f1": 0.38797960072493287,
  "test_confusion_matrix": [
    [
      48,
      7
    ],
    [
      56,
      8
    ]
  ],
  "test_true_negatives": 48,
  "test_false_positives": 7,
  "test_false_negatives": 56,
  "test_true_positives": 8,
  "test_specificity": 0.8727272727272727,
  "test_sensitivity": 0.125,
  "experiment_name": "attempt_10_random_forest_2021_2024",
  "model_type": "random_forest",
  "target_type": "direction",
  "trained_at": "2025-07-12T19:40:45.357544",
  "trading_total_return_pct": 0.3792706943393023,
  "trading_max_drawdown_pct": 2.2895815106155704,
  "trading_total_trades": 12,
  "trading_win_rate": 0.47058823529411764,
  "trading_sharpe_ratio": 0,
  "trading_final_balance": 10037.92706943393,
  "trading_initial_balance": 10000.0
}