{
  "train_accuracy": 0.9565656565656566,
  "val_accuracy": 0.5633802816901409,
  "val_precision": 0.563872799688407,
  "val_recall": 0.5633802816901409,
  "val_f1": 0.5636142216637848,
  "test_accuracy": 0.5117370892018779,
  "test_precision": 0.5179442036836404,
  "test_recall": 0.5117370892018779,
  "test_f1": 0.5111558238318802,
  "test_confusion_matrix": [
    [
      53,
      61
    ],
    [
      43,
      56
    ]
  ],
  "test_true_negatives": 53,
  "test_false_positives": 61,
  "test_false_negatives": 43,
  "test_true_positives": 56,
  "test_specificity": 0.4649122807017544,
  "test_sensitivity": 0.5656565656565656,
  "experiment_name": "single_model_attempt_58_xgboost",
  "model_type": "xgboost",
  "target_type": "direction",
  "trained_at": "2025-07-12T19:50:03.715477",
  "trading_total_return_pct": 1.8304302636148895,
  "trading_max_drawdown_pct": 2.9849795950958704,
  "trading_total_trades": 46,
  "trading_win_rate": 0.5117370892018779,
  "trading_sharpe_ratio": 0,
  "trading_final_balance": 10183.043026361489,
  "trading_initial_balance": 10000.0
}