{
  "train_accuracy": 0.9870619946091644,
  "val_accuracy": 0.914572864321608,
  "val_precision": 0.8364435241534304,
  "val_recall": 0.914572864321608,
  "val_f1": 0.8737651512153946,
  "test_accuracy": 0.9095477386934674,
  "test_precision": 0.8272770889624,
  "test_recall": 0.9095477386934674,
  "test_f1": 0.8664638984395662,
  "test_confusion_matrix": [
    [
      362,
      0
    ],
    [
      36,
      0
    ]
  ],
  "test_true_negatives": 362,
  "test_false_positives": 0,
  "test_false_negatives": 36,
  "test_true_positives": 0,
  "test_specificity": 1.0,
  "test_sensitivity": 0.0,
  "experiment_name": "BTCUSDT_1d_xgboost_direction",
  "model_type": "xgboost",
  "target_type": "direction",
  "trained_at": "2025-07-10T20:03:11.538375",
  "trading_total_return_pct": -2.799867801066957,
  "trading_max_drawdown_pct": 2.7133908151248396,
  "trading_total_trades": 36,
  "trading_win_rate": 0.9095477386934674,
  "trading_sharpe_ratio": -63.37758256838078,
  "trading_final_balance": 9720.013219893304,
  "trading_initial_balance": 10000.0
}