{
  "train_accuracy": 0.9368998628257887,
  "val_accuracy": 0.7452229299363057,
  "val_precision": 0.6521609028341812,
  "val_recall": 0.7452229299363057,
  "val_f1": 0.6773681614445946,
  "test_accuracy": 0.7388535031847133,
  "test_precision": 0.7000682438580528,
  "test_recall": 0.7388535031847133,
  "test_f1": 0.7099355860232467,
  "test_confusion_matrix": [
    [
      107,
      12
    ],
    [
      29,
      9
    ]
  ],
  "test_true_negatives": 107,
  "test_false_positives": 12,
  "test_false_negatives": 29,
  "test_true_positives": 9,
  "test_specificity": 0.8991596638655462,
  "test_sensitivity": 0.23684210526315788,
  "experiment_name": "attempt_25_random_forest_2018_2020",
  "model_type": "random_forest",
  "target_type": "direction",
  "trained_at": "2025-07-12T18:48:45.833604",
  "trading_total_return_pct": -2.021775380336112,
  "trading_max_drawdown_pct": 4.845158613396683,
  "trading_total_trades": 11,
  "trading_win_rate": 0.7388535031847133,
  "trading_sharpe_ratio": 0,
  "trading_final_balance": 9797.822461966389,
  "trading_initial_balance": 10000.0
}