{
  "train_accuracy": 1.0,
  "val_accuracy": 0.582010582010582,
  "val_precision": 0.48552924509208656,
  "val_recall": 0.582010582010582,
  "val_f1": 0.4535323970079943,
  "test_accuracy": 0.6296296296296297,
  "test_precision": 0.40189125295508277,
  "test_recall": 0.6296296296296297,
  "test_f1": 0.49062049062049057,
  "test_confusion_matrix": [
    [
      119,
      1
    ],
    [
      69,
      0
    ]
  ],
  "test_true_negatives": 119,
  "test_false_positives": 1,
  "test_false_negatives": 69,
  "test_true_positives": 0,
  "test_specificity": 0.9916666666666667,
  "test_sensitivity": 0.0,
  "experiment_name": "advanced_rf_attempt_30",
  "model_type": "random_forest",
  "target_type": "direction",
  "trained_at": "2025-07-12T20:48:09.424663",
  "trading_total_return_pct": -0.14136998851095997,
  "trading_max_drawdown_pct": 0.14136998851095994,
  "trading_total_trades": 1,
  "trading_win_rate": 0.6296296296296297,
  "trading_sharpe_ratio": 0,
  "trading_final_balance": 9985.863001148904,
  "trading_initial_balance": 10000.0
}