{
  "train_accuracy": 1.0,
  "val_accuracy": 0.4583333333333333,
  "val_precision": 0.4638157894736842,
  "val_recall": 0.4583333333333333,
  "val_f1": 0.45885587497588265,
  "test_accuracy": 0.5416666666666666,
  "test_precision": 0.5917021276595745,
  "test_recall": 0.5416666666666666,
  "test_f1": 0.5341151385927506,
  "test_confusion_matrix": [
    [
      17,
      25
    ],
    [
      8,
      22
    ]
  ],
  "test_true_negatives": 17,
  "test_false_positives": 25,
  "test_false_negatives": 8,
  "test_true_positives": 22,
  "test_specificity": 0.40476190476190477,
  "test_sensitivity": 0.7333333333333333,
  "experiment_name": "extended_9_xgboost_2021_2022",
  "model_type": "xgboost",
  "target_type": "direction",
  "trained_at": "2025-07-12T19:42:30.702834",
  "trading_total_return_pct": -6.419181335580397,
  "trading_max_drawdown_pct": 6.6207478526226256,
  "trading_total_trades": 13,
  "trading_win_rate": 0.5416666666666666,
  "trading_sharpe_ratio": 0,
  "trading_final_balance": 9358.08186644196,
  "trading_initial_balance": 10000.0
}