{
  "train_accuracy": 1.0,
  "val_accuracy": 0.567741935483871,
  "val_precision": 0.5301152073732719,
  "val_recall": 0.567741935483871,
  "val_f1": 0.5371983548882613,
  "test_accuracy": 0.49032258064516127,
  "test_precision": 0.4718608682544468,
  "test_recall": 0.49032258064516127,
  "test_f1": 0.47966730358547827,
  "test_confusion_matrix": [
    [
      63,
      35
    ],
    [
      44,
      13
    ]
  ],
  "test_true_negatives": 63,
  "test_false_positives": 35,
  "test_false_negatives": 44,
  "test_true_positives": 13,
  "test_specificity": 0.6428571428571429,
  "test_sensitivity": 0.22807017543859648,
  "experiment_name": "attempt_14_xgboost_2019_2021",
  "model_type": "xgboost",
  "target_type": "direction",
  "trained_at": "2025-07-12T18:48:01.209894",
  "trading_total_return_pct": -6.075392449312785,
  "trading_max_drawdown_pct": 6.075392449312785,
  "trading_total_trades": 28,
  "trading_win_rate": 0.49032258064516127,
  "trading_sharpe_ratio": 0,
  "trading_final_balance": 9392.460755068721,
  "trading_initial_balance": 10000.0
}