{
  "train_accuracy": 0.7896879240162822,
  "val_accuracy": 0.5063291139240507,
  "val_precision": 0.4966819768866631,
  "val_recall": 0.5063291139240507,
  "val_f1": 0.48530409055221707,
  "test_accuracy": 0.4430379746835443,
  "test_precision": 0.43311683667830414,
  "test_recall": 0.4430379746835443,
  "test_f1": 0.43469088240689785,
  "test_confusion_matrix": [
    [
      48,
      37
    ],
    [
      51,
      22
    ]
  ],
  "test_true_negatives": 48,
  "test_false_positives": 37,
  "test_false_negatives": 51,
  "test_true_positives": 22,
  "test_specificity": 0.5647058823529412,
  "test_sensitivity": 0.3013698630136986,
  "experiment_name": "attempt_9_random_forest_2022_2024",
  "model_type": "random_forest",
  "target_type": "direction",
  "trained_at": "2025-07-12T18:58:05.305625",
  "trading_total_return_pct": -3.089031483550225,
  "trading_max_drawdown_pct": 4.419786212161778,
  "trading_total_trades": 36,
  "trading_win_rate": 0.4430379746835443,
  "trading_sharpe_ratio": 0,
  "trading_final_balance": 9691.096851644978,
  "trading_initial_balance": 10000.0
}