{
  "train_accuracy": 0.785234899328859,
  "val_accuracy": 0.5,
  "val_precision": 0.48039215686274517,
  "val_recall": 0.5,
  "val_f1": 0.4545454545454545,
  "test_accuracy": 0.5,
  "test_precision": 0.4839816933638444,
  "test_recall": 0.5,
  "test_f1": 0.4766666666666667,
  "test_confusion_matrix": [
    [
      60,
      26
    ],
    [
      54,
      20
    ]
  ],
  "test_true_negatives": 60,
  "test_false_positives": 26,
  "test_false_negatives": 54,
  "test_true_positives": 20,
  "test_specificity": 0.6976744186046512,
  "test_sensitivity": 0.2702702702702703,
  "experiment_name": "attempt_9_random_forest_2022_2024",
  "model_type": "random_forest",
  "target_type": "direction",
  "trained_at": "2025-07-12T19:22:00.899267",
  "trading_total_return_pct": -8.959551514609265,
  "trading_max_drawdown_pct": 9.746955882456724,
  "trading_total_trades": 26,
  "trading_win_rate": 0.5,
  "trading_sharpe_ratio": 0,
  "trading_final_balance": 9104.044848539073,
  "trading_initial_balance": 10000.0
}