{
  "train_accuracy": 0.6678004535147393,
  "val_accuracy": 0.45263157894736844,
  "val_precision": 0.3953684210526316,
  "val_recall": 0.45263157894736844,
  "val_f1": 0.33739612188365653,
  "test_accuracy": 0.4842105263157895,
  "test_precision": 0.44209166326669386,
  "test_recall": 0.4842105263157895,
  "test_f1": 0.3823448546739984,
  "test_confusion_matrix": [
    [
      7,
      87
    ],
    [
      11,
      85
    ]
  ],
  "test_true_negatives": 7,
  "test_false_positives": 87,
  "test_false_negatives": 11,
  "test_true_positives": 85,
  "test_specificity": 0.07446808510638298,
  "test_sensitivity": 0.8854166666666666,
  "experiment_name": "single_model_attempt_4_random_forest",
  "model_type": "random_forest",
  "target_type": "direction",
  "trained_at": "2025-07-12T20:36:19.561557",
  "trading_total_return_pct": -3.4088598795700453,
  "trading_max_drawdown_pct": 4.099416960575626,
  "trading_total_trades": 16,
  "trading_win_rate": 0.4842105263157895,
  "trading_sharpe_ratio": 0,
  "trading_final_balance": 9659.114012042995,
  "trading_initial_balance": 10000.0
}