{
  "train_accuracy": 0.5399393326592518,
  "val_accuracy": 0.4669811320754717,
  "val_precision": 0.21807137771448915,
  "val_recall": 0.4669811320754717,
  "val_f1": 0.2973063155978887,
  "test_accuracy": 0.5188679245283019,
  "test_precision": 0.5098831985624439,
  "test_recall": 0.5188679245283019,
  "test_f1": 0.36273131349782295,
  "test_confusion_matrix": [
    [
      109,
      1
    ],
    [
      101,
      1
    ]
  ],
  "test_true_negatives": 109,
  "test_false_positives": 1,
  "test_false_negatives": 101,
  "test_true_positives": 1,
  "test_specificity": 0.990909090909091,
  "test_sensitivity": 0.00980392156862745,
  "experiment_name": "single_model_attempt_171_random_forest",
  "model_type": "random_forest",
  "target_type": "direction",
  "trained_at": "2025-07-12T20:38:38.367084",
  "trading_total_return_pct": -0.15811181588445833,
  "trading_max_drawdown_pct": 0.44682041019305474,
  "trading_total_trades": 1,
  "trading_win_rate": 0.5188679245283019,
  "trading_sharpe_ratio": 0,
  "trading_final_balance": 9984.188818411554,
  "trading_initial_balance": 10000.0
}