{
  "train_accuracy": 1.0,
  "val_accuracy": 0.4859154929577465,
  "val_precision": 0.4851896187250082,
  "val_recall": 0.4859154929577465,
  "val_f1": 0.48552875001147866,
  "test_accuracy": 0.5352112676056338,
  "test_precision": 0.53903842636237,
  "test_recall": 0.5352112676056338,
  "test_f1": 0.5367054648566505,
  "test_confusion_matrix": [
    [
      46,
      35
    ],
    [
      31,
      30
    ]
  ],
  "test_true_negatives": 46,
  "test_false_positives": 35,
  "test_false_negatives": 31,
  "test_true_positives": 30,
  "test_specificity": 0.5679012345679012,
  "test_sensitivity": 0.4918032786885246,
  "experiment_name": "advanced_rf_attempt_33",
  "model_type": "random_forest",
  "target_type": "direction",
  "trained_at": "2025-07-12T20:48:14.843996",
  "trading_total_return_pct": -8.625088495735454,
  "trading_max_drawdown_pct": 10.852854380168923,
  "trading_total_trades": 31,
  "trading_win_rate": 0.5352112676056338,
  "trading_sharpe_ratio": 0,
  "trading_final_balance": 9137.491150426455,
  "trading_initial_balance": 10000.0
}