{
  "train_accuracy": 0.8504043126684636,
  "val_accuracy": 0.5220125786163522,
  "val_precision": 0.4866926933119324,
  "val_recall": 0.5220125786163522,
  "val_f1": 0.4865758763660368,
  "test_accuracy": 0.5283018867924528,
  "test_precision": 0.48888292342042916,
  "test_recall": 0.5283018867924528,
  "test_f1": 0.4921018490858738,
  "test_confusion_matrix": [
    [
      71,
      23
    ],
    [
      52,
      13
    ]
  ],
  "test_true_negatives": 71,
  "test_false_positives": 23,
  "test_false_negatives": 52,
  "test_true_positives": 13,
  "test_specificity": 0.7553191489361702,
  "test_sensitivity": 0.2,
  "experiment_name": "attempt_6_xgboost_2022_2024",
  "model_type": "xgboost",
  "target_type": "direction",
  "trained_at": "2025-07-12T19:21:56.833517",
  "trading_total_return_pct": -5.898013704430014,
  "trading_max_drawdown_pct": 7.314708178734326,
  "trading_total_trades": 27,
  "trading_win_rate": 0.5283018867924528,
  "trading_sharpe_ratio": 0,
  "trading_final_balance": 9410.198629556999,
  "trading_initial_balance": 10000.0
}