{
  "train_accuracy": 1.0,
  "val_accuracy": 0.6573426573426573,
  "val_precision": 0.47157190635451507,
  "val_recall": 0.6573426573426573,
  "val_f1": 0.549172346640701,
  "test_accuracy": 0.6083916083916084,
  "test_precision": 0.5328874024526198,
  "test_recall": 0.6083916083916084,
  "test_f1": 0.48854095756750626,
  "test_confusion_matrix": [
    [
      85,
      3
    ],
    [
      53,
      2
    ]
  ],
  "test_true_negatives": 85,
  "test_false_positives": 3,
  "test_false_negatives": 53,
  "test_true_positives": 2,
  "test_specificity": 0.9659090909090909,
  "test_sensitivity": 0.03636363636363636,
  "experiment_name": "advanced_rf_attempt_27",
  "model_type": "random_forest",
  "target_type": "direction",
  "trained_at": "2025-07-12T20:47:56.656112",
  "trading_total_return_pct": -2.4593576779407886,
  "trading_max_drawdown_pct": 2.4593576779407886,
  "trading_total_trades": 3,
  "trading_win_rate": 0.6083916083916084,
  "trading_sharpe_ratio": 0,
  "trading_final_balance": 9754.064232205921,
  "trading_initial_balance": 10000.0
}