{
  "train_accuracy": 0.8935779816513761,
  "val_accuracy": 0.5169491525423728,
  "val_precision": 0.5233448284295742,
  "val_recall": 0.5169491525423728,
  "val_f1": 0.5192318355728888,
  "test_accuracy": 0.5,
  "test_precision": 0.4727272727272727,
  "test_recall": 0.5,
  "test_f1": 0.4765729585006694,
  "test_confusion_matrix": [
    [
      47,
      21
    ],
    [
      38,
      12
    ]
  ],
  "test_true_negatives": 47,
  "test_false_positives": 21,
  "test_false_negatives": 38,
  "test_true_positives": 12,
  "test_specificity": 0.6911764705882353,
  "test_sensitivity": 0.24,
  "experiment_name": "attempt_11_random_forest_2021_2023",
  "model_type": "random_forest",
  "target_type": "direction",
  "trained_at": "2025-07-12T19:42:25.930254",
  "trading_total_return_pct": -4.777829237460246,
  "trading_max_drawdown_pct": 7.982158506184789,
  "trading_total_trades": 20,
  "trading_win_rate": 0.5,
  "trading_sharpe_ratio": 0,
  "trading_final_balance": 9522.217076253975,
  "trading_initial_balance": 10000.0
}