{
  "train_accuracy": 1.0,
  "val_accuracy": 0.543859649122807,
  "val_precision": 0.48488612836438927,
  "val_recall": 0.543859649122807,
  "val_f1": 0.4276283914728682,
  "test_accuracy": 0.5789473684210527,
  "test_precision": 0.41940216394645147,
  "test_recall": 0.5789473684210527,
  "test_f1": 0.4553831128850767,
  "test_confusion_matrix": [
    [
      98,
      6
    ],
    [
      66,
      1
    ]
  ],
  "test_true_negatives": 98,
  "test_false_positives": 6,
  "test_false_negatives": 66,
  "test_true_positives": 1,
  "test_specificity": 0.9423076923076923,
  "test_sensitivity": 0.014925373134328358,
  "experiment_name": "advanced_rf_attempt_24",
  "model_type": "random_forest",
  "target_type": "direction",
  "trained_at": "2025-07-12T20:47:51.864310",
  "trading_total_return_pct": -4.786340116353749,
  "trading_max_drawdown_pct": 4.786340116353749,
  "trading_total_trades": 7,
  "trading_win_rate": 0.5789473684210527,
  "trading_sharpe_ratio": 0,
  "trading_final_balance": 9521.365988364625,
  "trading_initial_balance": 10000.0
}