{
  "train_accuracy": 1.0,
  "val_accuracy": 0.5238095238095238,
  "val_precision": 0.5223409501890515,
  "val_recall": 0.5238095238095238,
  "val_f1": 0.5230176933158585,
  "test_accuracy": 0.43915343915343913,
  "test_precision": 0.4907586966410496,
  "test_recall": 0.43915343915343913,
  "test_f1": 0.4488406737221368,
  "test_confusion_matrix": [
    [
      50,
      71
    ],
    [
      35,
      33
    ]
  ],
  "test_true_negatives": 50,
  "test_false_positives": 71,
  "test_false_negatives": 35,
  "test_true_positives": 33,
  "test_specificity": 0.4132231404958678,
  "test_sensitivity": 0.4852941176470588,
  "experiment_name": "advanced_rf_attempt_29",
  "model_type": "random_forest",
  "target_type": "direction",
  "trained_at": "2025-07-12T20:48:05.941703",
  "trading_total_return_pct": -10.221576146187763,
  "trading_max_drawdown_pct": 10.534824780525396,
  "trading_total_trades": 41,
  "trading_win_rate": 0.43915343915343913,
  "trading_sharpe_ratio": 0,
  "trading_final_balance": 8977.842385381224,
  "trading_initial_balance": 10000.0
}