{
  "train_accuracy": 1.0,
  "val_accuracy": 0.5,
  "val_precision": 0.47509881422924904,
  "val_recall": 0.5,
  "val_f1": 0.48136813681368135,
  "test_accuracy": 0.5128205128205128,
  "test_precision": 0.5180802103879026,
  "test_recall": 0.5128205128205128,
  "test_f1": 0.5141050994709532,
  "test_confusion_matrix": [
    [
      22,
      21
    ],
    [
      17,
      18
    ]
  ],
  "test_true_negatives": 22,
  "test_false_positives": 21,
  "test_false_negatives": 17,
  "test_true_positives": 18,
  "test_specificity": 0.5116279069767442,
  "test_sensitivity": 0.5142857142857142,
  "experiment_name": "extended_5_random_forest_2019_2021",
  "model_type": "random_forest",
  "target_type": "direction",
  "trained_at": "2025-07-12T20:00:35.453003",
  "trading_total_return_pct": -1.1196758561876594,
  "trading_max_drawdown_pct": 3.0616255582149776,
  "trading_total_trades": 21,
  "trading_win_rate": 0.5128205128205128,
  "trading_sharpe_ratio": 0,
  "trading_final_balance": 9888.032414381234,
  "trading_initial_balance": 10000.0
}