{
  "train_accuracy": 0.9969512195121951,
  "val_accuracy": 0.5047169811320755,
  "val_precision": 0.5066357831476148,
  "val_recall": 0.5047169811320755,
  "val_f1": 0.46612303633529195,
  "test_accuracy": 0.5094339622641509,
  "test_precision": 0.48227821087384976,
  "test_recall": 0.5094339622641509,
  "test_f1": 0.46484150453369216,
  "test_confusion_matrix": [
    [
      89,
      26
    ],
    [
      78,
      19
    ]
  ],
  "test_true_negatives": 89,
  "test_false_positives": 26,
  "test_false_negatives": 78,
  "test_true_positives": 19,
  "test_specificity": 0.7739130434782608,
  "test_sensitivity": 0.1958762886597938,
  "experiment_name": "extended_4_xgboost_2021_2024",
  "model_type": "xgboost",
  "target_type": "direction",
  "trained_at": "2025-07-12T18:59:10.518195",
  "trading_total_return_pct": -2.9971003178097817,
  "trading_max_drawdown_pct": 4.236307548254005,
  "trading_total_trades": 36,
  "trading_win_rate": 0.5094339622641509,
  "trading_sharpe_ratio": 0,
  "trading_final_balance": 9700.289968219022,
  "trading_initial_balance": 10000.0
}