{
  "train_accuracy": 0.9985163204747775,
  "val_accuracy": 0.6896551724137931,
  "val_precision": 0.47562425683709875,
  "val_recall": 0.6896551724137931,
  "val_f1": 0.5629838142153413,
  "test_accuracy": 0.593103448275862,
  "test_precision": 0.52,
  "test_recall": 0.593103448275862,
  "test_f1": 0.46944968883294874,
  "test_confusion_matrix": [
    [
      84,
      3
    ],
    [
      56,
      2
    ]
  ],
  "test_true_negatives": 84,
  "test_false_positives": 3,
  "test_false_negatives": 56,
  "test_true_positives": 2,
  "test_specificity": 0.9655172413793104,
  "test_sensitivity": 0.034482758620689655,
  "experiment_name": "advanced_rf_attempt_13",
  "model_type": "random_forest",
  "target_type": "direction",
  "trained_at": "2025-07-12T20:47:15.329780",
  "trading_total_return_pct": 0.5501371058958829,
  "trading_max_drawdown_pct": 0.8244846388446302,
  "trading_total_trades": 4,
  "trading_win_rate": 0.593103448275862,
  "trading_sharpe_ratio": 0,
  "trading_final_balance": 10055.013710589588,
  "trading_initial_balance": 10000.0
}