{
  "train_accuracy": 0.9746450304259635,
  "val_accuracy": 0.5330188679245284,
  "val_precision": 0.5471257590544351,
  "val_recall": 0.5330188679245284,
  "val_f1": 0.5337359414332232,
  "test_accuracy": 0.5188679245283019,
  "test_precision": 0.5289739309778287,
  "test_recall": 0.5188679245283019,
  "test_f1": 0.5146531266918644,
  "test_confusion_matrix": [
    [
      48,
      65
    ],
    [
      37,
      62
    ]
  ],
  "test_true_negatives": 48,
  "test_false_positives": 65,
  "test_false_negatives": 37,
  "test_true_positives": 62,
  "test_specificity": 0.4247787610619469,
  "test_sensitivity": 0.6262626262626263,
  "experiment_name": "single_model_attempt_55_xgboost",
  "model_type": "xgboost",
  "target_type": "direction",
  "trained_at": "2025-07-12T19:49:57.933688",
  "trading_total_return_pct": -11.471920597887056,
  "trading_max_drawdown_pct": 12.878470572603337,
  "trading_total_trades": 47,
  "trading_win_rate": 0.5188679245283019,
  "trading_sharpe_ratio": 0,
  "trading_final_balance": 8852.807940211294,
  "trading_initial_balance": 10000.0
}