{
  "train_accuracy": 0.995850622406639,
  "val_accuracy": 0.49032258064516127,
  "val_precision": 0.5308880684026428,
  "val_recall": 0.49032258064516127,
  "val_f1": 0.4978087150517329,
  "test_accuracy": 0.4774193548387097,
  "test_precision": 0.5164946236559139,
  "test_recall": 0.4774193548387097,
  "test_f1": 0.48654759360908956,
  "test_confusion_matrix": [
    [
      46,
      52
    ],
    [
      29,
      28
    ]
  ],
  "test_true_negatives": 46,
  "test_false_positives": 52,
  "test_false_negatives": 29,
  "test_true_positives": 28,
  "test_specificity": 0.46938775510204084,
  "test_sensitivity": 0.49122807017543857,
  "experiment_name": "attempt_2_random_forest_2019_2021",
  "model_type": "random_forest",
  "target_type": "direction",
  "trained_at": "2025-07-12T18:47:33.422276",
  "trading_total_return_pct": -4.698487630829532,
  "trading_max_drawdown_pct": 5.429407572438018,
  "trading_total_trades": 25,
  "trading_win_rate": 0.4774193548387097,
  "trading_sharpe_ratio": 0,
  "trading_final_balance": 9530.151236917047,
  "trading_initial_balance": 10000.0
}