{
  "train_accuracy": 1.0,
  "val_accuracy": 0.6387096774193548,
  "val_precision": 0.5671338202914759,
  "val_recall": 0.6387096774193548,
  "val_f1": 0.558841722353092,
  "test_accuracy": 0.5870967741935483,
  "test_precision": 0.6654588304610399,
  "test_recall": 0.5870967741935483,
  "test_f1": 0.4816804997005219,
  "test_confusion_matrix": [
    [
      84,
      2
    ],
    [
      62,
      7
    ]
  ],
  "test_true_negatives": 84,
  "test_false_positives": 2,
  "test_false_negatives": 62,
  "test_true_positives": 7,
  "test_specificity": 0.9767441860465116,
  "test_sensitivity": 0.10144927536231885,
  "experiment_name": "attempt_13_xgboost_2018_2020",
  "model_type": "xgboost",
  "target_type": "direction",
  "trained_at": "2025-07-12T18:47:57.115354",
  "trading_total_return_pct": -6.257428606777357,
  "trading_max_drawdown_pct": 6.257428606777357,
  "trading_total_trades": 7,
  "trading_win_rate": 0.5870967741935483,
  "trading_sharpe_ratio": 0,
  "trading_final_balance": 9374.257139322264,
  "trading_initial_balance": 10000.0
}