{
  "train_accuracy": 0.9954441913439636,
  "val_accuracy": 0.544973544973545,
  "val_precision": 0.4805838124723573,
  "val_recall": 0.544973544973545,
  "val_f1": 0.45465570400822203,
  "test_accuracy": 0.6031746031746031,
  "test_precision": 0.48024642637902304,
  "test_recall": 0.6031746031746031,
  "test_f1": 0.48675277514022697,
  "test_confusion_matrix": [
    [
      112,
      6
    ],
    [
      69,
      2
    ]
  ],
  "test_true_negatives": 112,
  "test_false_positives": 6,
  "test_false_negatives": 69,
  "test_true_positives": 2,
  "test_specificity": 0.9491525423728814,
  "test_sensitivity": 0.028169014084507043,
  "experiment_name": "advanced_rf_attempt_37",
  "model_type": "random_forest",
  "target_type": "direction",
  "trained_at": "2025-07-12T20:48:32.142797",
  "trading_total_return_pct": -2.522720199451378,
  "trading_max_drawdown_pct": 2.8266604285906762,
  "trading_total_trades": 7,
  "trading_win_rate": 0.6031746031746031,
  "trading_sharpe_ratio": 0,
  "trading_final_balance": 9747.727980054862,
  "trading_initial_balance": 10000.0
}