{
  "train_accuracy": 0.9425981873111783,
  "val_accuracy": 0.5070422535211268,
  "val_precision": 0.49334339369550634,
  "val_recall": 0.5070422535211268,
  "val_f1": 0.46182471171112693,
  "test_accuracy": 0.5694444444444444,
  "test_precision": 0.5817578772802653,
  "test_recall": 0.5694444444444444,
  "test_f1": 0.46667227975639197,
  "test_confusion_matrix": [
    [
      38,
      2
    ],
    [
      29,
      3
    ]
  ],
  "test_true_negatives": 38,
  "test_false_positives": 2,
  "test_false_negatives": 29,
  "test_true_positives": 3,
  "test_specificity": 0.95,
  "test_sensitivity": 0.09375,
  "experiment_name": "attempt_2_random_forest_2020_2021",
  "model_type": "random_forest",
  "target_type": "direction",
  "trained_at": "2025-07-12T19:42:19.037092",
  "trading_total_return_pct": -2.3883463899004163,
  "trading_max_drawdown_pct": 2.3883463899004163,
  "trading_total_trades": 4,
  "trading_win_rate": 0.5694444444444444,
  "trading_sharpe_ratio": 0,
  "trading_final_balance": 9761.165361009958,
  "trading_initial_balance": 10000.0
}