{
  "train_accuracy": 1.0,
  "val_accuracy": 0.5419354838709678,
  "val_precision": 0.5306362642670123,
  "val_recall": 0.5419354838709678,
  "val_f1": 0.5357955028036054,
  "test_accuracy": 0.7483870967741936,
  "test_precision": 0.6880149261059556,
  "test_recall": 0.7483870967741936,
  "test_f1": 0.6846340336803317,
  "test_confusion_matrix": [
    [
      112,
      5
    ],
    [
      34,
      4
    ]
  ],
  "test_true_negatives": 112,
  "test_false_positives": 5,
  "test_false_negatives": 34,
  "test_true_positives": 4,
  "test_specificity": 0.9572649572649573,
  "test_sensitivity": 0.10526315789473684,
  "experiment_name": "attempt_15_xgboost_2020_2022",
  "model_type": "xgboost",
  "target_type": "direction",
  "trained_at": "2025-07-12T18:48:05.174544",
  "trading_total_return_pct": -1.353471258384161,
  "trading_max_drawdown_pct": 2.1397884693696763,
  "trading_total_trades": 8,
  "trading_win_rate": 0.7483870967741936,
  "trading_sharpe_ratio": 0,
  "trading_final_balance": 9864.652874161584,
  "trading_initial_balance": 10000.0
}