{
  "train_accuracy": 1.0,
  "val_accuracy": 0.5072463768115942,
  "val_precision": 0.5428693216417001,
  "val_recall": 0.5072463768115942,
  "val_f1": 0.5093175437314036,
  "test_accuracy": 0.45893719806763283,
  "test_precision": 0.4584867967018996,
  "test_recall": 0.45893719806763283,
  "test_f1": 0.45802631792969956,
  "test_confusion_matrix": [
    [
      52,
      52
    ],
    [
      60,
      43
    ]
  ],
  "test_true_negatives": 52,
  "test_false_positives": 52,
  "test_false_negatives": 60,
  "test_true_positives": 43,
  "test_specificity": 0.5,
  "test_sensitivity": 0.4174757281553398,
  "experiment_name": "extended_8_xgboost_2020_2024",
  "model_type": "xgboost",
  "target_type": "direction",
  "trained_at": "2025-07-12T18:50:14.916917",
  "trading_total_return_pct": -1.6302585545871988,
  "trading_max_drawdown_pct": 6.852432601483164,
  "trading_total_trades": 42,
  "trading_win_rate": 0.45893719806763283,
  "trading_sharpe_ratio": 0,
  "trading_final_balance": 9836.97414454128,
  "trading_initial_balance": 10000.0
}