{
  "train_accuracy": 0.9078651685393259,
  "val_accuracy": 0.5416666666666666,
  "val_precision": 0.5458333333333333,
  "val_recall": 0.5416666666666666,
  "val_f1": 0.5435222672064778,
  "test_accuracy": 0.4583333333333333,
  "test_precision": 0.45826086956521744,
  "test_recall": 0.4583333333333333,
  "test_f1": 0.45809813287016937,
  "test_confusion_matrix": [
    [
      23,
      25
    ],
    [
      27,
      21
    ]
  ],
  "test_true_negatives": 23,
  "test_false_positives": 25,
  "test_false_negatives": 27,
  "test_true_positives": 21,
  "test_specificity": 0.4791666666666667,
  "test_sensitivity": 0.4375,
  "experiment_name": "attempt_12_random_forest_2018_2020",
  "model_type": "random_forest",
  "target_type": "direction",
  "trained_at": "2025-07-12T19:42:26.663770",
  "trading_total_return_pct": -5.109002264029423,
  "trading_max_drawdown_pct": 5.436985471310436,
  "trading_total_trades": 21,
  "trading_win_rate": 0.4583333333333333,
  "trading_sharpe_ratio": 0,
  "trading_final_balance": 9489.099773597058,
  "trading_initial_balance": 10000.0
}