{
  "train_accuracy": 1.0,
  "val_accuracy": 0.5547945205479452,
  "val_precision": 0.5579424908118945,
  "val_recall": 0.5547945205479452,
  "val_f1": 0.556138134689525,
  "test_accuracy": 0.5616438356164384,
  "test_precision": 0.5477244022857547,
  "test_recall": 0.5616438356164384,
  "test_f1": 0.5509717439698514,
  "test_confusion_matrix": [
    [
      61,
      26
    ],
    [
      38,
      21
    ]
  ],
  "test_true_negatives": 61,
  "test_false_positives": 26,
  "test_false_negatives": 38,
  "test_true_positives": 21,
  "test_specificity": 0.7011494252873564,
  "test_sensitivity": 0.3559322033898305,
  "experiment_name": "advanced_rf_attempt_12",
  "model_type": "random_forest",
  "target_type": "direction",
  "trained_at": "2025-07-12T20:47:13.129874",
  "trading_total_return_pct": -1.5108015444794183,
  "trading_max_drawdown_pct": 4.610980659998289,
  "trading_total_trades": 26,
  "trading_win_rate": 0.5616438356164384,
  "trading_sharpe_ratio": 0,
  "trading_final_balance": 9848.919845552058,
  "trading_initial_balance": 10000.0
}