{
  "train_accuracy": 1.0,
  "val_accuracy": 0.5138888888888888,
  "val_precision": 0.5161945974298452,
  "val_recall": 0.5138888888888888,
  "val_f1": 0.514945026005662,
  "test_accuracy": 0.4583333333333333,
  "test_precision": 0.474537037037037,
  "test_recall": 0.4583333333333333,
  "test_f1": 0.4239261947973382,
  "test_confusion_matrix": [
    [
      24,
      9
    ],
    [
      30,
      9
    ]
  ],
  "test_true_negatives": 24,
  "test_false_positives": 9,
  "test_false_negatives": 30,
  "test_true_positives": 9,
  "test_specificity": 0.7272727272727273,
  "test_sensitivity": 0.23076923076923078,
  "experiment_name": "extended_4_random_forest_2018_2020",
  "model_type": "random_forest",
  "target_type": "direction",
  "trained_at": "2025-07-12T19:40:52.850481",
  "trading_total_return_pct": -3.731947618387985,
  "trading_max_drawdown_pct": 4.148874556884166,
  "trading_total_trades": 9,
  "trading_win_rate": 0.4583333333333333,
  "trading_sharpe_ratio": 0,
  "trading_final_balance": 9626.805238161201,
  "trading_initial_balance": 10000.0
}