{
  "initial_cash": 10000000,
  "final_value": 11060143.702249993,
  "total_return_pct": 10.601437022499926,
  "total_trades": 39,
  "winning_trades": 20,
  "win_rate": 51.28205128205128,
  "max_drawdown": 0,
  "backtest_period_days": 398
}