{
  "cv_scores": [
    0.917960088691796,
    0.9157427937915743,
    0.9157427937915743,
    0.9177777777777778,
    0.9177777777777778
  ],
  "cv_mean": 0.9170002463661,
  "cv_std": 0.001028861646369568,
  "scoring": "accuracy"
}