{
  "train_accuracy": 0.9223719676549865,
  "val_accuracy": 0.9396984924623115,
  "val_precision": 0.8830332567359409,
  "val_recall": 0.9396984924623115,
  "val_f1": 0.9104850678261774,
  "test_accuracy": 0.9597989949748744,
  "test_precision": 0.9259521790311761,
  "test_recall": 0.9597989949748744,
  "test_f1": 0.9425718335266074,
  "test_confusion_matrix": [
    [
      382,
      1
    ],
    [
      15,
      0
    ]
  ],
  "test_true_negatives": 382,
  "test_false_positives": 1,
  "test_false_negatives": 15,
  "test_true_positives": 0,
  "test_specificity": 0.9973890339425587,
  "test_sensitivity": 0.0,
  "experiment_name": "BTCUSDT_1d_random_forest_direction",
  "model_type": "random_forest",
  "target_type": "direction",
  "trained_at": "2025-07-12T18:31:45.687535",
  "trading_total_return_pct": -0.4120317561973207,
  "trading_max_drawdown_pct": 0.9854039041574105,
  "trading_total_trades": 1,
  "trading_win_rate": 0.9597989949748744,
  "trading_sharpe_ratio": -1.0,
  "trading_final_balance": 9958.796824380268,
  "trading_initial_balance": 10000.0
}