{
  "train_accuracy": 0.9014925373134328,
  "val_accuracy": 0.5138888888888888,
  "val_precision": 0.5095164609053497,
  "val_recall": 0.5138888888888888,
  "val_f1": 0.48133365586195775,
  "test_accuracy": 0.5416666666666666,
  "test_precision": 0.5738993710691823,
  "test_recall": 0.5416666666666666,
  "test_f1": 0.5153256704980843,
  "test_confusion_matrix": [
    [
      27,
      7
    ],
    [
      26,
      12
    ]
  ],
  "test_true_negatives": 27,
  "test_false_positives": 7,
  "test_false_negatives": 26,
  "test_true_positives": 12,
  "test_specificity": 0.7941176470588235,
  "test_sensitivity": 0.3157894736842105,
  "experiment_name": "attempt_10_random_forest_2020_2021",
  "model_type": "random_forest",
  "target_type": "direction",
  "trained_at": "2025-07-12T19:42:25.101410",
  "trading_total_return_pct": -2.472502510299655,
  "trading_max_drawdown_pct": 3.0396160227230156,
  "trading_total_trades": 8,
  "trading_win_rate": 0.5416666666666666,
  "trading_sharpe_ratio": 0,
  "trading_final_balance": 9752.749748970034,
  "trading_initial_balance": 10000.0
}