{
  "train_accuracy": 1.0,
  "val_accuracy": 0.7432432432432432,
  "val_precision": 0.5524105186267348,
  "val_recall": 0.7432432432432432,
  "val_f1": 0.6337733081919128,
  "test_accuracy": 0.6621621621621622,
  "test_precision": 0.6088485746019993,
  "test_recall": 0.6621621621621622,
  "test_f1": 0.5394669574997444,
  "test_confusion_matrix": [
    [
      97,
      1
    ],
    [
      49,
      1
    ]
  ],
  "test_true_negatives": 97,
  "test_false_positives": 1,
  "test_false_negatives": 49,
  "test_true_positives": 1,
  "test_specificity": 0.9897959183673469,
  "test_sensitivity": 0.02,
  "experiment_name": "advanced_rf_attempt_6",
  "model_type": "random_forest",
  "target_type": "direction",
  "trained_at": "2025-07-12T20:47:01.726097",
  "trading_total_return_pct": 0.3468651076263268,
  "trading_max_drawdown_pct": 0.6087128135043832,
  "trading_total_trades": 2,
  "trading_win_rate": 0.6621621621621622,
  "trading_sharpe_ratio": 0,
  "trading_final_balance": 10034.686510762633,
  "trading_initial_balance": 10000.0
}