{
  "train_accuracy": 1.0,
  "val_accuracy": 0.49514563106796117,
  "val_precision": 0.5138745251160827,
  "val_recall": 0.49514563106796117,
  "val_f1": 0.4541798985239942,
  "test_accuracy": 0.47572815533980584,
  "test_precision": 0.4749635391346621,
  "test_recall": 0.47572815533980584,
  "test_f1": 0.47169452887538,
  "test_confusion_matrix": [
    [
      58,
      45
    ],
    [
      63,
      40
    ]
  ],
  "test_true_negatives": 58,
  "test_false_positives": 45,
  "test_false_negatives": 63,
  "test_true_positives": 40,
  "test_specificity": 0.5631067961165048,
  "test_sensitivity": 0.3883495145631068,
  "experiment_name": "extended_9_random_forest_2017_2021",
  "model_type": "random_forest",
  "target_type": "direction",
  "trained_at": "2025-07-12T18:50:16.271109",
  "trading_total_return_pct": -5.461112304101007,
  "trading_max_drawdown_pct": 6.265884896107837,
  "trading_total_trades": 38,
  "trading_win_rate": 0.47572815533980584,
  "trading_sharpe_ratio": 0,
  "trading_final_balance": 9453.8887695899,
  "trading_initial_balance": 10000.0
}