{
  "train_accuracy": 1.0,
  "val_accuracy": 0.5225806451612903,
  "val_precision": 0.5589019851116626,
  "val_recall": 0.5225806451612903,
  "val_f1": 0.5231370779757877,
  "test_accuracy": 0.432258064516129,
  "test_precision": 0.5063816611813814,
  "test_recall": 0.432258064516129,
  "test_f1": 0.43523672390449375,
  "test_confusion_matrix": [
    [
      35,
      65
    ],
    [
      23,
      32
    ]
  ],
  "test_true_negatives": 35,
  "test_false_positives": 65,
  "test_false_negatives": 23,
  "test_true_positives": 32,
  "test_specificity": 0.35,
  "test_sensitivity": 0.5818181818181818,
  "experiment_name": "fast_rf_attempt_20",
  "model_type": "random_forest",
  "target_type": "direction",
  "trained_at": "2025-07-12T21:16:07.208188",
  "trading_total_return_pct": -7.484852300947351,
  "trading_max_drawdown_pct": 7.898559234486224,
  "trading_total_trades": 28,
  "trading_win_rate": 0.432258064516129,
  "trading_sharpe_ratio": 0,
  "trading_final_balance": 9251.514769905265,
  "trading_initial_balance": 10000.0
}