{
  "train_accuracy": 1.0,
  "val_accuracy": 0.6830985915492958,
  "val_precision": 0.4747777444810708,
  "val_recall": 0.6830985915492958,
  "val_f1": 0.5601980081324769,
  "test_accuracy": 0.6126760563380281,
  "test_precision": 0.37537195000991863,
  "test_recall": 0.6126760563380281,
  "test_f1": 0.4655267851651393,
  "test_confusion_matrix": [
    [
      87,
      0
    ],
    [
      55,
      0
    ]
  ],
  "test_true_negatives": 87,
  "test_false_positives": 0,
  "test_false_negatives": 55,
  "test_true_positives": 0,
  "test_specificity": 1.0,
  "test_sensitivity": 0.0,
  "experiment_name": "advanced_rf_attempt_48",
  "model_type": "random_forest",
  "target_type": "direction",
  "trained_at": "2025-07-12T20:49:15.318056",
  "trading_total_return_pct": 0.0,
  "trading_max_drawdown_pct": 0,
  "trading_total_trades": 0,
  "trading_win_rate": 0.6126760563380281,
  "trading_sharpe_ratio": 0,
  "trading_final_balance": 10000.0,
  "trading_initial_balance": 10000.0
}