{
  "train_accuracy": 1.0,
  "val_accuracy": 0.6321243523316062,
  "val_precision": 0.4103843962781108,
  "val_recall": 0.6321243523316062,
  "val_f1": 0.4976725059626614,
  "test_accuracy": 0.6787564766839378,
  "test_precision": 0.460710354640393,
  "test_recall": 0.6787564766839378,
  "test_f1": 0.5488709780592337,
  "test_confusion_matrix": [
    [
      131,
      0
    ],
    [
      62,
      0
    ]
  ],
  "test_true_negatives": 131,
  "test_false_positives": 0,
  "test_false_negatives": 62,
  "test_true_positives": 0,
  "test_specificity": 1.0,
  "test_sensitivity": 0.0,
  "experiment_name": "advanced_rf_attempt_2",
  "model_type": "random_forest",
  "target_type": "direction",
  "trained_at": "2025-07-12T20:46:57.226585",
  "trading_total_return_pct": 0.0,
  "trading_max_drawdown_pct": 0,
  "trading_total_trades": 0,
  "trading_win_rate": 0.6787564766839378,
  "trading_sharpe_ratio": 0,
  "trading_final_balance": 10000.0,
  "trading_initial_balance": 10000.0
}