{
  "train_accuracy": 0.921311475409836,
  "val_accuracy": 0.6060606060606061,
  "val_precision": 0.5677655677655677,
  "val_recall": 0.6060606060606061,
  "val_f1": 0.5787037037037037,
  "test_accuracy": 0.5606060606060606,
  "test_precision": 0.5218855218855218,
  "test_recall": 0.5606060606060606,
  "test_f1": 0.49172809172809173,
  "test_confusion_matrix": [
    [
      33,
      5
    ],
    [
      24,
      4
    ]
  ],
  "test_true_negatives": 33,
  "test_false_positives": 5,
  "test_false_negatives": 24,
  "test_true_positives": 4,
  "test_specificity": 0.868421052631579,
  "test_sensitivity": 0.14285714285714285,
  "experiment_name": "attempt_4_random_forest_2022_2024",
  "model_type": "random_forest",
  "target_type": "direction",
  "trained_at": "2025-07-12T19:40:40.687133",
  "trading_total_return_pct": -0.451331297045399,
  "trading_max_drawdown_pct": 1.1012812348940715,
  "trading_total_trades": 7,
  "trading_win_rate": 0.5606060606060606,
  "trading_sharpe_ratio": 0,
  "trading_final_balance": 9954.86687029546,
  "trading_initial_balance": 10000.0
}