{
  "train_accuracy": 0.9644308943089431,
  "val_accuracy": 0.5283018867924528,
  "val_precision": 0.529415459306224,
  "val_recall": 0.5283018867924528,
  "val_f1": 0.5288121984908382,
  "test_accuracy": 0.4716981132075472,
  "test_precision": 0.48097688475046957,
  "test_recall": 0.4716981132075472,
  "test_f1": 0.4622870674509206,
  "test_confusion_matrix": [
    [
      39,
      74
    ],
    [
      38,
      61
    ]
  ],
  "test_true_negatives": 39,
  "test_false_positives": 74,
  "test_false_negatives": 38,
  "test_true_positives": 61,
  "test_specificity": 0.34513274336283184,
  "test_sensitivity": 0.6161616161616161,
  "experiment_name": "single_model_attempt_3_xgboost",
  "model_type": "xgboost",
  "target_type": "direction",
  "trained_at": "2025-07-12T19:46:54.758281",
  "trading_total_return_pct": -10.15431329297784,
  "trading_max_drawdown_pct": 12.047532902536508,
  "trading_total_trades": 40,
  "trading_win_rate": 0.4716981132075472,
  "trading_sharpe_ratio": 0,
  "trading_final_balance": 8984.568670702216,
  "trading_initial_balance": 10000.0
}