{
  "train_accuracy": 0.9989626556016598,
  "val_accuracy": 0.5265700483091788,
  "val_precision": 0.5492383106125456,
  "val_recall": 0.5265700483091788,
  "val_f1": 0.47933352890105757,
  "test_accuracy": 0.47342995169082125,
  "test_precision": 0.4583680227185162,
  "test_recall": 0.47342995169082125,
  "test_f1": 0.4259368188463031,
  "test_confusion_matrix": [
    [
      19,
      84
    ],
    [
      25,
      79
    ]
  ],
  "test_true_negatives": 19,
  "test_false_positives": 84,
  "test_false_negatives": 25,
  "test_true_positives": 79,
  "test_specificity": 0.18446601941747573,
  "test_sensitivity": 0.7596153846153846,
  "experiment_name": "extended_5_xgboost_2017_2021",
  "model_type": "xgboost",
  "target_type": "direction",
  "trained_at": "2025-07-12T18:49:51.820759",
  "trading_total_return_pct": -3.078031944087033,
  "trading_max_drawdown_pct": 3.75637024114174,
  "trading_total_trades": 36,
  "trading_win_rate": 0.47342995169082125,
  "trading_sharpe_ratio": 0,
  "trading_final_balance": 9692.196805591297,
  "trading_initial_balance": 10000.0
}