{
  "train_accuracy": 0.8936341659951652,
  "val_accuracy": 0.793233082706767,
  "val_precision": 0.7098347876379913,
  "val_recall": 0.793233082706767,
  "val_f1": 0.7426212357855617,
  "test_accuracy": 0.704119850187266,
  "test_precision": 0.6738178323351318,
  "test_recall": 0.704119850187266,
  "test_f1": 0.6878011000622712,
  "test_confusion_matrix": [
    [
      181,
      33
    ],
    [
      46,
      7
    ]
  ],
  "test_true_negatives": 181,
  "test_false_positives": 33,
  "test_false_negatives": 46,
  "test_true_positives": 7,
  "test_specificity": 0.8457943925233645,
  "test_sensitivity": 0.1320754716981132,
  "experiment_name": "attempt_30_random_forest_2020_2024",
  "model_type": "random_forest",
  "target_type": "direction",
  "trained_at": "2025-07-12T18:48:50.633117",
  "trading_total_return_pct": -4.295844984312517,
  "trading_max_drawdown_pct": 4.494780549736439,
  "trading_total_trades": 10,
  "trading_win_rate": 0.704119850187266,
  "trading_sharpe_ratio": 0,
  "trading_final_balance": 9570.415501568748,
  "trading_initial_balance": 10000.0
}