{
  "train_accuracy": 0.9985994397759104,
  "val_accuracy": 0.6233766233766234,
  "val_precision": 0.5203887022068839,
  "val_recall": 0.6233766233766234,
  "val_f1": 0.5322113849265488,
  "test_accuracy": 0.6103896103896104,
  "test_precision": 0.5657031140902109,
  "test_recall": 0.6103896103896104,
  "test_f1": 0.5787764866712235,
  "test_confusion_matrix": [
    [
      84,
      20
    ],
    [
      40,
      10
    ]
  ],
  "test_true_negatives": 84,
  "test_false_positives": 20,
  "test_false_negatives": 40,
  "test_true_positives": 10,
  "test_specificity": 0.8076923076923077,
  "test_sensitivity": 0.2,
  "experiment_name": "attempt_10_random_forest_2021_2023",
  "model_type": "random_forest",
  "target_type": "direction",
  "trained_at": "2025-07-12T18:47:49.226445",
  "trading_total_return_pct": -0.3205608442890843,
  "trading_max_drawdown_pct": 3.1685838278472382,
  "trading_total_trades": 24,
  "trading_win_rate": 0.6103896103896104,
  "trading_sharpe_ratio": 0,
  "trading_final_balance": 9967.943915571092,
  "trading_initial_balance": 10000.0
}