{
  "train_accuracy": 1.0,
  "val_accuracy": 0.5194805194805194,
  "val_precision": 0.5311870608674262,
  "val_recall": 0.5194805194805194,
  "val_f1": 0.5231780873025743,
  "test_accuracy": 0.43506493506493504,
  "test_precision": 0.5522426756546539,
  "test_recall": 0.43506493506493504,
  "test_f1": 0.4100579916945649,
  "test_confusion_matrix": [
    [
      25,
      74
    ],
    [
      13,
      42
    ]
  ],
  "test_true_negatives": 25,
  "test_false_positives": 74,
  "test_false_negatives": 13,
  "test_true_positives": 42,
  "test_specificity": 0.25252525252525254,
  "test_sensitivity": 0.7636363636363637,
  "experiment_name": "attempt_9_random_forest_2020_2022",
  "model_type": "random_forest",
  "target_type": "direction",
  "trained_at": "2025-07-12T18:47:48.146601",
  "trading_total_return_pct": -2.2526635709628136,
  "trading_max_drawdown_pct": 3.9187835121258874,
  "trading_total_trades": 24,
  "trading_win_rate": 0.43506493506493504,
  "trading_sharpe_ratio": 0,
  "trading_final_balance": 9774.733642903719,
  "trading_initial_balance": 10000.0
}