{
  "train_accuracy": 0.9542682926829268,
  "val_accuracy": 0.5283018867924528,
  "val_precision": 0.5283018867924528,
  "val_recall": 0.5283018867924528,
  "val_f1": 0.5283018867924528,
  "test_accuracy": 0.45754716981132076,
  "test_precision": 0.4662180910099889,
  "test_recall": 0.45754716981132076,
  "test_f1": 0.44034230206439107,
  "test_confusion_matrix": [
    [
      33,
      80
    ],
    [
      35,
      64
    ]
  ],
  "test_true_negatives": 33,
  "test_false_positives": 80,
  "test_false_negatives": 35,
  "test_true_positives": 64,
  "test_specificity": 0.2920353982300885,
  "test_sensitivity": 0.6464646464646465,
  "experiment_name": "single_model_attempt_2_xgboost",
  "model_type": "xgboost",
  "target_type": "direction",
  "trained_at": "2025-07-12T19:46:53.274318",
  "trading_total_return_pct": -6.129795981405059,
  "trading_max_drawdown_pct": 8.579170097913602,
  "trading_total_trades": 36,
  "trading_win_rate": 0.45754716981132076,
  "trading_sharpe_ratio": 0,
  "trading_final_balance": 9387.020401859494,
  "trading_initial_balance": 10000.0
}