{
  "train_accuracy": 0.9331983805668016,
  "val_accuracy": 0.4953271028037383,
  "val_precision": 0.4953271028037383,
  "val_recall": 0.4953271028037383,
  "val_f1": 0.4953271028037383,
  "test_accuracy": 0.5700934579439252,
  "test_precision": 0.46902680276210573,
  "test_recall": 0.5700934579439252,
  "test_f1": 0.5043492135855938,
  "test_confusion_matrix": [
    [
      59,
      12
    ],
    [
      34,
      2
    ]
  ],
  "test_true_negatives": 59,
  "test_false_positives": 12,
  "test_false_negatives": 34,
  "test_true_positives": 2,
  "test_specificity": 0.8309859154929577,
  "test_sensitivity": 0.05555555555555555,
  "experiment_name": "attempt_7_xgboost_2020_2023",
  "model_type": "xgboost",
  "target_type": "direction",
  "trained_at": "2025-07-12T19:40:43.477959",
  "trading_total_return_pct": -1.8480357669291518,
  "trading_max_drawdown_pct": 2.4638553541865327,
  "trading_total_trades": 9,
  "trading_win_rate": 0.5700934579439252,
  "trading_sharpe_ratio": 0,
  "trading_final_balance": 9815.196423307085,
  "trading_initial_balance": 10000.0
}