{
  "train_accuracy": 1.0,
  "val_accuracy": 0.46859903381642515,
  "val_precision": 0.494913391652522,
  "val_recall": 0.46859903381642515,
  "val_f1": 0.4731311320284875,
  "test_accuracy": 0.5072463768115942,
  "test_precision": 0.5070589337900128,
  "test_recall": 0.5072463768115942,
  "test_f1": 0.5013547574039068,
  "test_confusion_matrix": [
    [
      64,
      40
    ],
    [
      62,
      41
    ]
  ],
  "test_true_negatives": 64,
  "test_false_positives": 40,
  "test_false_negatives": 62,
  "test_true_positives": 41,
  "test_specificity": 0.6153846153846154,
  "test_sensitivity": 0.39805825242718446,
  "experiment_name": "extended_4_random_forest_2020_2024",
  "model_type": "random_forest",
  "target_type": "direction",
  "trained_at": "2025-07-12T18:49:45.001698",
  "trading_total_return_pct": -10.717539858777435,
  "trading_max_drawdown_pct": 12.717888899911795,
  "trading_total_trades": 38,
  "trading_win_rate": 0.5072463768115942,
  "trading_sharpe_ratio": 0,
  "trading_final_balance": 8928.246014122256,
  "trading_initial_balance": 10000.0
}