{
  "train_accuracy": 0.5308392315470172,
  "val_accuracy": 0.5377358490566038,
  "val_precision": 0.2930787802915139,
  "val_recall": 0.5377358490566038,
  "val_f1": 0.37938418798472046,
  "test_accuracy": 0.6273584905660378,
  "test_precision": 0.3935786756852973,
  "test_recall": 0.6273584905660378,
  "test_f1": 0.48370248837845226,
  "test_confusion_matrix": [
    [
      133,
      0
    ],
    [
      79,
      0
    ]
  ],
  "test_true_negatives": 133,
  "test_false_positives": 0,
  "test_false_negatives": 79,
  "test_true_positives": 0,
  "test_specificity": 1.0,
  "test_sensitivity": 0.0,
  "experiment_name": "single_model_attempt_2_random_forest",
  "model_type": "random_forest",
  "target_type": "direction",
  "trained_at": "2025-07-12T20:36:17.975470",
  "trading_total_return_pct": 0.0,
  "trading_max_drawdown_pct": 0,
  "trading_total_trades": 0,
  "trading_win_rate": 0.6273584905660378,
  "trading_sharpe_ratio": 0,
  "trading_final_balance": 10000.0,
  "trading_initial_balance": 10000.0
}