{
  "train_accuracy": 1.0,
  "val_accuracy": 0.47572815533980584,
  "val_precision": 0.4792156977977427,
  "val_recall": 0.47572815533980584,
  "val_f1": 0.4770726974946145,
  "test_accuracy": 0.470873786407767,
  "test_precision": 0.4760572650979102,
  "test_recall": 0.470873786407767,
  "test_f1": 0.46851267545583847,
  "test_confusion_matrix": [
    [
      53,
      44
    ],
    [
      65,
      44
    ]
  ],
  "test_true_negatives": 53,
  "test_false_positives": 44,
  "test_false_negatives": 65,
  "test_true_positives": 44,
  "test_specificity": 0.5463917525773195,
  "test_sensitivity": 0.4036697247706422,
  "experiment_name": "extended_12_random_forest_2020_2024",
  "model_type": "random_forest",
  "target_type": "direction",
  "trained_at": "2025-07-12T18:50:19.971547",
  "trading_total_return_pct": -2.6479978029657647,
  "trading_max_drawdown_pct": 4.059919397119269,
  "trading_total_trades": 39,
  "trading_win_rate": 0.470873786407767,
  "trading_sharpe_ratio": 0,
  "trading_final_balance": 9735.200219703423,
  "trading_initial_balance": 10000.0
}