{
  "train_accuracy": 0.9162087912087912,
  "val_accuracy": 0.8535031847133758,
  "val_precision": 0.7284676863158749,
  "val_recall": 0.8535031847133758,
  "val_f1": 0.7860441701140367,
  "test_accuracy": 0.8662420382165605,
  "test_precision": 0.7503752687735811,
  "test_recall": 0.8662420382165605,
  "test_f1": 0.8041564313819265,
  "test_confusion_matrix": [
    [
      136,
      0
    ],
    [
      21,
      0
    ]
  ],
  "test_true_negatives": 136,
  "test_false_positives": 0,
  "test_false_negatives": 21,
  "test_true_positives": 0,
  "test_specificity": 1.0,
  "test_sensitivity": 0.0,
  "experiment_name": "attempt_28_random_forest_2021_2023",
  "model_type": "random_forest",
  "target_type": "direction",
  "trained_at": "2025-07-12T18:48:48.484930",
  "trading_total_return_pct": 0.0,
  "trading_max_drawdown_pct": 0,
  "trading_total_trades": 0,
  "trading_win_rate": 0.8662420382165605,
  "trading_sharpe_ratio": 0,
  "trading_final_balance": 10000.0,
  "trading_initial_balance": 10000.0
}