{
  "train_accuracy": 1.0,
  "val_accuracy": 0.7120418848167539,
  "val_precision": 0.6464421703950499,
  "val_recall": 0.7120418848167539,
  "val_f1": 0.6494428877799979,
  "test_accuracy": 0.7225130890052356,
  "test_precision": 0.6677967556432924,
  "test_recall": 0.7225130890052356,
  "test_f1": 0.6396113766657548,
  "test_confusion_matrix": [
    [
      134,
      4
    ],
    [
      49,
      4
    ]
  ],
  "test_true_negatives": 134,
  "test_false_positives": 4,
  "test_false_negatives": 49,
  "test_true_positives": 4,
  "test_specificity": 0.9710144927536232,
  "test_sensitivity": 0.07547169811320754,
  "experiment_name": "advanced_rf_attempt_14",
  "model_type": "random_forest",
  "target_type": "direction",
  "trained_at": "2025-07-12T20:47:19.025378",
  "trading_total_return_pct": -0.9803361494539059,
  "trading_max_drawdown_pct": 2.7300719507097764,
  "trading_total_trades": 8,
  "trading_win_rate": 0.7225130890052356,
  "trading_sharpe_ratio": 0,
  "trading_final_balance": 9901.96638505461,
  "trading_initial_balance": 10000.0
}