{
  "train_accuracy": 0.7937956204379562,
  "val_accuracy": 0.711864406779661,
  "val_precision": 0.5277615429573349,
  "val_recall": 0.711864406779661,
  "val_f1": 0.6061419701292163,
  "test_accuracy": 0.5508474576271186,
  "test_precision": 0.5284921098772647,
  "test_recall": 0.5508474576271186,
  "test_f1": 0.40588240301696615,
  "test_confusion_matrix": [
    [
      64,
      1
    ],
    [
      52,
      1
    ]
  ],
  "test_true_negatives": 64,
  "test_false_positives": 1,
  "test_false_negatives": 52,
  "test_true_positives": 1,
  "test_specificity": 0.9846153846153847,
  "test_sensitivity": 0.018867924528301886,
  "experiment_name": "attempt_2_random_forest_2021_2024",
  "model_type": "random_forest",
  "target_type": "direction",
  "trained_at": "2025-07-12T19:40:38.904153",
  "trading_total_return_pct": -1.1260937888132139,
  "trading_max_drawdown_pct": 1.1260937888132139,
  "trading_total_trades": 2,
  "trading_win_rate": 0.5508474576271186,
  "trading_sharpe_ratio": 0,
  "trading_final_balance": 9887.390621118679,
  "trading_initial_balance": 10000.0
}