{
  "train_accuracy": 0.717896865520728,
  "val_accuracy": 0.5754716981132075,
  "val_precision": 0.7574123989218328,
  "val_recall": 0.5754716981132075,
  "val_f1": 0.4301302872157951,
  "test_accuracy": 0.5990566037735849,
  "test_precision": 0.5599056603773584,
  "test_recall": 0.5990566037735849,
  "test_f1": 0.4571763303724096,
  "test_confusion_matrix": [
    [
      126,
      1
    ],
    [
      84,
      1
    ]
  ],
  "test_true_negatives": 126,
  "test_false_positives": 1,
  "test_false_negatives": 84,
  "test_true_positives": 1,
  "test_specificity": 0.9921259842519685,
  "test_sensitivity": 0.011764705882352941,
  "experiment_name": "attempt_2_random_forest_2021_2024",
  "model_type": "random_forest",
  "target_type": "direction",
  "trained_at": "2025-07-12T18:57:55.479496",
  "trading_total_return_pct": 0.2936528400932184,
  "trading_max_drawdown_pct": 0.041260598246881275,
  "trading_total_trades": 2,
  "trading_win_rate": 0.5990566037735849,
  "trading_sharpe_ratio": 0,
  "trading_final_balance": 10029.365284009322,
  "trading_initial_balance": 10000.0
}