{
  "train_accuracy": 0.5985844287158746,
  "val_accuracy": 0.5235849056603774,
  "val_precision": 0.5345921373281843,
  "val_recall": 0.5235849056603774,
  "val_f1": 0.5104892584999607,
  "test_accuracy": 0.45754716981132076,
  "test_precision": 0.491183775057419,
  "test_recall": 0.45754716981132076,
  "test_f1": 0.4526501857436834,
  "test_confusion_matrix": [
    [
      44,
      80
    ],
    [
      35,
      53
    ]
  ],
  "test_true_negatives": 44,
  "test_false_positives": 80,
  "test_false_negatives": 35,
  "test_true_positives": 53,
  "test_specificity": 0.3548387096774194,
  "test_sensitivity": 0.6022727272727273,
  "experiment_name": "single_model_attempt_30_random_forest",
  "model_type": "random_forest",
  "target_type": "direction",
  "trained_at": "2025-07-12T20:36:41.869478",
  "trading_total_return_pct": -3.741717842588732,
  "trading_max_drawdown_pct": 7.296989741122698,
  "trading_total_trades": 38,
  "trading_win_rate": 0.45754716981132076,
  "trading_sharpe_ratio": 0,
  "trading_final_balance": 9625.828215741127,
  "trading_initial_balance": 10000.0
}