{
  "train_accuracy": 1.0,
  "val_accuracy": 0.463768115942029,
  "val_precision": 0.45857950815533,
  "val_recall": 0.463768115942029,
  "val_f1": 0.46031671999228874,
  "test_accuracy": 0.6231884057971014,
  "test_precision": 0.6252021357742181,
  "test_recall": 0.6231884057971014,
  "test_f1": 0.6036627140974967,
  "test_confusion_matrix": [
    [
      31,
      7
    ],
    [
      19,
      12
    ]
  ],
  "test_true_negatives": 31,
  "test_false_positives": 7,
  "test_false_negatives": 19,
  "test_true_positives": 12,
  "test_specificity": 0.8157894736842105,
  "test_sensitivity": 0.3870967741935484,
  "experiment_name": "extended_9_xgboost_2023_2024",
  "model_type": "xgboost",
  "target_type": "direction",
  "trained_at": "2025-07-12T19:42:28.747002",
  "trading_total_return_pct": 0.44051425333720545,
  "trading_max_drawdown_pct": 2.390606318021002,
  "trading_total_trades": 17,
  "trading_win_rate": 0.6231884057971014,
  "trading_sharpe_ratio": 0,
  "trading_final_balance": 10044.05142533372,
  "trading_initial_balance": 10000.0
}