{
  "train_accuracy": 0.8265682656826568,
  "val_accuracy": 0.5641025641025641,
  "val_precision": 0.4656104413385967,
  "val_recall": 0.5641025641025641,
  "val_f1": 0.48892548624930426,
  "test_accuracy": 0.5811965811965812,
  "test_precision": 0.4851636832768908,
  "test_recall": 0.5811965811965812,
  "test_f1": 0.4941603399703958,
  "test_confusion_matrix": [
    [
      65,
      8
    ],
    [
      41,
      3
    ]
  ],
  "test_true_negatives": 65,
  "test_false_positives": 8,
  "test_false_negatives": 41,
  "test_true_positives": 3,
  "test_specificity": 0.8904109589041096,
  "test_sensitivity": 0.06818181818181818,
  "experiment_name": "attempt_3_random_forest_2021_2023",
  "model_type": "random_forest",
  "target_type": "direction",
  "trained_at": "2025-07-12T19:42:19.948306",
  "trading_total_return_pct": -2.8323977559479316,
  "trading_max_drawdown_pct": 4.2142067947780975,
  "trading_total_trades": 10,
  "trading_win_rate": 0.5811965811965812,
  "trading_sharpe_ratio": 0,
  "trading_final_balance": 9716.760224405207,
  "trading_initial_balance": 10000.0
}