{
  "train_accuracy": 0.915129151291513,
  "val_accuracy": 0.5811965811965812,
  "val_precision": 0.5263767732839897,
  "val_recall": 0.5811965811965812,
  "val_f1": 0.5329134802819013,
  "test_accuracy": 0.5982905982905983,
  "test_precision": 0.5617622176364083,
  "test_recall": 0.5982905982905983,
  "test_f1": 0.5605933177655404,
  "test_confusion_matrix": [
    [
      60,
      13
    ],
    [
      34,
      10
    ]
  ],
  "test_true_negatives": 60,
  "test_false_positives": 13,
  "test_false_negatives": 34,
  "test_true_positives": 10,
  "test_specificity": 0.821917808219178,
  "test_sensitivity": 0.22727272727272727,
  "experiment_name": "attempt_7_xgboost_2021_2023",
  "model_type": "xgboost",
  "target_type": "direction",
  "trained_at": "2025-07-12T19:42:23.203926",
  "trading_total_return_pct": -2.8592254592856627,
  "trading_max_drawdown_pct": 4.124711626163844,
  "trading_total_trades": 14,
  "trading_win_rate": 0.5982905982905983,
  "trading_sharpe_ratio": 0,
  "trading_final_balance": 9714.077454071434,
  "trading_initial_balance": 10000.0
}