{
  "train_accuracy": 1.0,
  "val_accuracy": 0.4507042253521127,
  "val_precision": 0.7611757501530925,
  "val_recall": 0.4507042253521127,
  "val_f1": 0.30979960098859544,
  "test_accuracy": 0.4507042253521127,
  "test_precision": 0.5298762270593257,
  "test_recall": 0.4507042253521127,
  "test_f1": 0.3361889550360582,
  "test_confusion_matrix": [
    [
      29,
      2
    ],
    [
      37,
      3
    ]
  ],
  "test_true_negatives": 29,
  "test_false_positives": 2,
  "test_false_negatives": 37,
  "test_true_positives": 3,
  "test_specificity": 0.9354838709677419,
  "test_sensitivity": 0.075,
  "experiment_name": "extended_10_xgboost_2018_2019",
  "model_type": "xgboost",
  "target_type": "direction",
  "trained_at": "2025-07-12T19:40:56.716345",
  "trading_total_return_pct": -1.245361180307118,
  "trading_max_drawdown_pct": 1.393426585712641,
  "trading_total_trades": 5,
  "trading_win_rate": 0.4507042253521127,
  "trading_sharpe_ratio": 0,
  "trading_final_balance": 9875.463881969288,
  "trading_initial_balance": 10000.0
}