{
  "train_accuracy": 0.979253112033195,
  "val_accuracy": 0.632258064516129,
  "val_precision": 0.5637792991413321,
  "val_recall": 0.632258064516129,
  "val_f1": 0.5618897417841742,
  "test_accuracy": 0.535483870967742,
  "test_precision": 0.466267513848159,
  "test_recall": 0.535483870967742,
  "test_f1": 0.4256661991584853,
  "test_confusion_matrix": [
    [
      79,
      7
    ],
    [
      65,
      4
    ]
  ],
  "test_true_negatives": 79,
  "test_false_positives": 7,
  "test_false_negatives": 65,
  "test_true_positives": 4,
  "test_specificity": 0.9186046511627907,
  "test_sensitivity": 0.057971014492753624,
  "experiment_name": "attempt_1_random_forest_2018_2020",
  "model_type": "random_forest",
  "target_type": "direction",
  "trained_at": "2025-07-12T18:47:32.413748",
  "trading_total_return_pct": -2.3875682830865297,
  "trading_max_drawdown_pct": 3.016690645638446,
  "trading_total_trades": 8,
  "trading_win_rate": 0.535483870967742,
  "trading_sharpe_ratio": 0,
  "trading_final_balance": 9761.243171691347,
  "trading_initial_balance": 10000.0
}