{
  "train_accuracy": 1.0,
  "val_accuracy": 0.5654761904761905,
  "val_precision": 0.580090563832895,
  "val_recall": 0.5654761904761905,
  "val_f1": 0.43404680987796784,
  "test_accuracy": 0.5892857142857143,
  "test_precision": 0.6549433797909407,
  "test_recall": 0.5892857142857143,
  "test_f1": 0.4585495347564314,
  "test_confusion_matrix": [
    [
      96,
      1
    ],
    [
      68,
      3
    ]
  ],
  "test_true_negatives": 96,
  "test_false_positives": 1,
  "test_false_negatives": 68,
  "test_true_positives": 3,
  "test_specificity": 0.9896907216494846,
  "test_sensitivity": 0.04225352112676056,
  "experiment_name": "advanced_rf_attempt_45",
  "model_type": "random_forest",
  "target_type": "direction",
  "trained_at": "2025-07-12T20:49:05.953404",
  "trading_total_return_pct": 0.4784413696872798,
  "trading_max_drawdown_pct": 1.269802535054713,
  "trading_total_trades": 4,
  "trading_win_rate": 0.5892857142857143,
  "trading_sharpe_ratio": 0,
  "trading_final_balance": 10047.844136968728,
  "trading_initial_balance": 10000.0
}