{
  "train_accuracy": 1.0,
  "val_accuracy": 0.5958549222797928,
  "val_precision": 0.5577136966606082,
  "val_recall": 0.5958549222797928,
  "val_f1": 0.45407396119069393,
  "test_accuracy": 0.6424870466321243,
  "test_precision": 0.7709682642487047,
  "test_recall": 0.6424870466321243,
  "test_f1": 0.5079221442645511,
  "test_confusion_matrix": [
    [
      123,
      0
    ],
    [
      69,
      1
    ]
  ],
  "test_true_negatives": 123,
  "test_false_positives": 0,
  "test_false_negatives": 69,
  "test_true_positives": 1,
  "test_specificity": 1.0,
  "test_sensitivity": 0.014285714285714285,
  "experiment_name": "advanced_rf_attempt_9",
  "model_type": "random_forest",
  "target_type": "direction",
  "trained_at": "2025-07-12T20:47:08.337407",
  "trading_total_return_pct": -0.6578149732060411,
  "trading_max_drawdown_pct": 0.657814973206041,
  "trading_total_trades": 1,
  "trading_win_rate": 0.6424870466321243,
  "trading_sharpe_ratio": 0,
  "trading_final_balance": 9934.218502679396,
  "trading_initial_balance": 10000.0
}