{
  "train_accuracy": 0.993006993006993,
  "val_accuracy": 0.43506493506493504,
  "val_precision": 0.5382905138339921,
  "val_recall": 0.43506493506493504,
  "val_f1": 0.3424720069998351,
  "test_accuracy": 0.44805194805194803,
  "test_precision": 0.530213231839518,
  "test_recall": 0.44805194805194803,
  "test_f1": 0.3792431757033527,
  "test_confusion_matrix": [
    [
      14,
      76
    ],
    [
      9,
      55
    ]
  ],
  "test_true_negatives": 14,
  "test_false_positives": 76,
  "test_false_negatives": 9,
  "test_true_positives": 55,
  "test_specificity": 0.15555555555555556,
  "test_sensitivity": 0.859375,
  "experiment_name": "attempt_11_random_forest_2022_2024",
  "model_type": "random_forest",
  "target_type": "direction",
  "trained_at": "2025-07-12T18:47:50.192438",
  "trading_total_return_pct": 2.4125788460176225,
  "trading_max_drawdown_pct": 1.1748958570753998,
  "trading_total_trades": 15,
  "trading_win_rate": 0.44805194805194803,
  "trading_sharpe_ratio": 0,
  "trading_final_balance": 10241.257884601762,
  "trading_initial_balance": 10000.0
}