{
    "model_name": "GRU",
    "model_type": "GRUModel",
    "is_trained": true,
    "training_history": {
        "loss": [
            0.048961054533720016,
            0.01327746082097292,
            0.00910948310047388,
            0.006500516552478075,
            0.007274939212948084
        ],
        "val_loss": [
            0.006294399965554476,
            0.005259672179818153,
            0.004878366366028786,
            0.004395464900881052,
            0.004157201386988163
        ],
        "learning_rate": [
            0.0010000000474974513,
            0.0010000000474974513,
            0.0010000000474974513,
            0.0010000000474974513,
            0.0010000000474974513
        ]
    },
    "input_shape": [
        60,
        13
    ],
    "units": 50,
    "dropout": 0.2,
    "learning_rate": 0.001,
    "training_parameters": {
        "batch_size": 32,
        "epochs": 5,
        "final_epoch": 5,
        "final_loss": 0.007274939212948084,
        "final_val_loss": 0.004157201386988163
    }
}