{
  "train_accuracy": 1.0,
  "val_accuracy": 0.48148148148148145,
  "val_precision": 0.45382864123493805,
  "val_recall": 0.48148148148148145,
  "val_f1": 0.4577561646527164,
  "test_accuracy": 0.49382716049382713,
  "test_precision": 0.4844866796621182,
  "test_recall": 0.49382716049382713,
  "test_f1": 0.4719149163593608,
  "test_confusion_matrix": [
    [
      29,
      13
    ],
    [
      28,
      11
    ]
  ],
  "test_true_negatives": 29,
  "test_false_positives": 13,
  "test_false_negatives": 28,
  "test_true_positives": 11,
  "test_specificity": 0.6904761904761905,
  "test_sensitivity": 0.28205128205128205,
  "experiment_name": "extended_4_random_forest_2023_2024",
  "model_type": "random_forest",
  "target_type": "direction",
  "trained_at": "2025-07-12T20:00:34.753716",
  "trading_total_return_pct": -1.815096599365297,
  "trading_max_drawdown_pct": 2.3660738564265342,
  "trading_total_trades": 15,
  "trading_win_rate": 0.49382716049382713,
  "trading_sharpe_ratio": 0,
  "trading_final_balance": 9818.49034006347,
  "trading_initial_balance": 10000.0
}