{
  "train_accuracy": 1.0,
  "val_accuracy": 0.6910994764397905,
  "val_precision": 0.6354951628685853,
  "val_recall": 0.6910994764397905,
  "val_f1": 0.6304060576086771,
  "test_accuracy": 0.6596858638743456,
  "test_precision": 0.5947150770164655,
  "test_recall": 0.6596858638743456,
  "test_f1": 0.6059469104235532,
  "test_confusion_matrix": [
    [
      118,
      15
    ],
    [
      50,
      8
    ]
  ],
  "test_true_negatives": 118,
  "test_false_positives": 15,
  "test_false_negatives": 50,
  "test_true_positives": 8,
  "test_specificity": 0.8872180451127819,
  "test_sensitivity": 0.13793103448275862,
  "experiment_name": "advanced_rf_attempt_21",
  "model_type": "random_forest",
  "target_type": "direction",
  "trained_at": "2025-07-12T20:47:43.112438",
  "trading_total_return_pct": -6.04900836870338,
  "trading_max_drawdown_pct": 6.951131612982514,
  "trading_total_trades": 15,
  "trading_win_rate": 0.6596858638743456,
  "trading_sharpe_ratio": 0,
  "trading_final_balance": 9395.099163129662,
  "trading_initial_balance": 10000.0
}