{
  "train_accuracy": 1.0,
  "val_accuracy": 0.5797872340425532,
  "val_precision": 0.5449590318742962,
  "val_recall": 0.5797872340425532,
  "val_f1": 0.5469128210121327,
  "test_accuracy": 0.5797872340425532,
  "test_precision": 0.5622140457526795,
  "test_recall": 0.5797872340425532,
  "test_f1": 0.5683768485149321,
  "test_confusion_matrix": [
    [
      87,
      33
    ],
    [
      46,
      22
    ]
  ],
  "test_true_negatives": 87,
  "test_false_positives": 33,
  "test_false_negatives": 46,
  "test_true_positives": 22,
  "test_specificity": 0.725,
  "test_sensitivity": 0.3235294117647059,
  "experiment_name": "advanced_rf_attempt_49",
  "model_type": "random_forest",
  "target_type": "direction",
  "trained_at": "2025-07-12T20:49:19.871637",
  "trading_total_return_pct": -8.435458677021888,
  "trading_max_drawdown_pct": 9.449766062987576,
  "trading_total_trades": 30,
  "trading_win_rate": 0.5797872340425532,
  "trading_sharpe_ratio": 0,
  "trading_final_balance": 9156.454132297811,
  "trading_initial_balance": 10000.0
}