{
  "train_accuracy": 1.0,
  "val_accuracy": 0.6233766233766234,
  "val_precision": 0.593910291389283,
  "val_recall": 0.6233766233766234,
  "val_f1": 0.6002656434474616,
  "test_accuracy": 0.5909090909090909,
  "test_precision": 0.5612885612885614,
  "test_recall": 0.5909090909090909,
  "test_f1": 0.5723769131477042,
  "test_confusion_matrix": [
    [
      79,
      25
    ],
    [
      38,
      12
    ]
  ],
  "test_true_negatives": 79,
  "test_false_positives": 25,
  "test_false_negatives": 38,
  "test_true_positives": 12,
  "test_specificity": 0.7596153846153846,
  "test_sensitivity": 0.24,
  "experiment_name": "attempt_22_xgboost_2021_2023",
  "model_type": "xgboost",
  "target_type": "direction",
  "trained_at": "2025-07-12T18:48:33.162562",
  "trading_total_return_pct": -8.026893762215641,
  "trading_max_drawdown_pct": 8.02689376221564,
  "trading_total_trades": 29,
  "trading_win_rate": 0.5909090909090909,
  "trading_sharpe_ratio": 0,
  "trading_final_balance": 9197.310623778436,
  "trading_initial_balance": 10000.0
}