{
  "train_accuracy": 1.0,
  "val_accuracy": 0.6073298429319371,
  "val_precision": 0.5702576193613259,
  "val_recall": 0.6073298429319371,
  "val_f1": 0.5770638814627659,
  "test_accuracy": 0.6701570680628273,
  "test_precision": 0.5776862107905086,
  "test_recall": 0.6701570680628273,
  "test_f1": 0.6038329605585907,
  "test_confusion_matrix": [
    [
      124,
      13
    ],
    [
      50,
      4
    ]
  ],
  "test_true_negatives": 124,
  "test_false_positives": 13,
  "test_false_negatives": 50,
  "test_true_positives": 4,
  "test_specificity": 0.9051094890510949,
  "test_sensitivity": 0.07407407407407407,
  "experiment_name": "advanced_rf_attempt_22",
  "model_type": "random_forest",
  "target_type": "direction",
  "trained_at": "2025-07-12T20:47:45.982069",
  "trading_total_return_pct": -3.578221532915577,
  "trading_max_drawdown_pct": 3.6151540281538836,
  "trading_total_trades": 11,
  "trading_win_rate": 0.6701570680628273,
  "trading_sharpe_ratio": 0,
  "trading_final_balance": 9642.177846708442,
  "trading_initial_balance": 10000.0
}