{
  "train_accuracy": 1.0,
  "val_accuracy": 0.5754716981132075,
  "val_precision": 0.5575471698113208,
  "val_recall": 0.5754716981132075,
  "val_f1": 0.5472715861608833,
  "test_accuracy": 0.5377358490566038,
  "test_precision": 0.5334589785204882,
  "test_recall": 0.5377358490566038,
  "test_f1": 0.5351762468919117,
  "test_confusion_matrix": [
    [
      77,
      46
    ],
    [
      52,
      37
    ]
  ],
  "test_true_negatives": 77,
  "test_false_positives": 46,
  "test_false_negatives": 52,
  "test_true_positives": 37,
  "test_specificity": 0.6260162601626016,
  "test_sensitivity": 0.4157303370786517,
  "experiment_name": "extended_1_random_forest_2020_2023",
  "model_type": "random_forest",
  "target_type": "direction",
  "trained_at": "2025-07-12T19:22:34.405634",
  "trading_total_return_pct": -2.8083601993444427,
  "trading_max_drawdown_pct": 4.41864120084289,
  "trading_total_trades": 42,
  "trading_win_rate": 0.5377358490566038,
  "trading_sharpe_ratio": 0,
  "trading_final_balance": 9719.163980065556,
  "trading_initial_balance": 10000.0
}