{
  "train_accuracy": 0.9984871406959153,
  "val_accuracy": 0.5352112676056338,
  "val_precision": 0.5100800883733776,
  "val_recall": 0.5352112676056338,
  "val_f1": 0.5162571171711118,
  "test_accuracy": 0.5422535211267606,
  "test_precision": 0.4970870678617158,
  "test_recall": 0.5422535211267606,
  "test_f1": 0.5133851212853965,
  "test_confusion_matrix": [
    [
      69,
      24
    ],
    [
      41,
      8
    ]
  ],
  "test_true_negatives": 69,
  "test_false_positives": 24,
  "test_false_negatives": 41,
  "test_true_positives": 8,
  "test_specificity": 0.7419354838709677,
  "test_sensitivity": 0.16326530612244897,
  "experiment_name": "advanced_rf_attempt_26",
  "model_type": "random_forest",
  "target_type": "direction",
  "trained_at": "2025-07-12T20:47:54.859773",
  "trading_total_return_pct": -8.283858362729024,
  "trading_max_drawdown_pct": 9.604251574124547,
  "trading_total_trades": 21,
  "trading_win_rate": 0.5422535211267606,
  "trading_sharpe_ratio": 0,
  "trading_final_balance": 9171.614163727098,
  "trading_initial_balance": 10000.0
}